froi,size,subject,effect
LH_ATL_InfPole_Mid,-0.18350334390166023,249,Sent_Sem
RH_ATL_InfPole_Mid,-0.21017979868848705,249,Sent_Sem
LH_ATL_InfPole_Mid,-0.15716792107982128,249,Sent_Perc
RH_ATL_InfPole_Mid,-0.22412495777673758,249,Sent_Perc
LH_ATL_InfPole_Mid,-0.2348888944020336,249,Pic_Sem
RH_ATL_InfPole_Mid,-0.12106660562751392,249,Pic_Sem
LH_ATL_InfPole_Mid,-0.2193448978085802,249,Pic_Perc
RH_ATL_InfPole_Mid,-0.24852477087726593,249,Pic_Perc
LH_ATL_InfPole_Mid,-1.1272477329210575,252,Sent_Sem
RH_ATL_InfPole_Mid,0.28161612969620975,252,Sent_Sem
LH_ATL_InfPole_Mid,-0.024307271793284235,252,Sent_Perc
RH_ATL_InfPole_Mid,0.6166807645371041,252,Sent_Perc
LH_ATL_InfPole_Mid,0.1426533354664176,252,Pic_Sem
RH_ATL_InfPole_Mid,0.5335859458224831,252,Pic_Sem
LH_ATL_InfPole_Mid,0.09865844137224748,252,Pic_Perc
RH_ATL_InfPole_Mid,0.5234130614542866,252,Pic_Perc
LH_ATL_InfPole_Mid,0.13952129663651694,291,Sent_Sem
RH_ATL_InfPole_Mid,0.03725293767464223,291,Sent_Sem
LH_ATL_InfPole_Mid,0.11660959022199863,291,Sent_Perc
RH_ATL_InfPole_Mid,0.07175043008742828,291,Sent_Perc
LH_ATL_InfPole_Mid,0.15547699880465593,291,Pic_Sem
RH_ATL_InfPole_Mid,0.12238959464516848,291,Pic_Sem
LH_ATL_InfPole_Mid,0.044520624775708166,291,Pic_Perc
RH_ATL_InfPole_Mid,0.11513197327628052,291,Pic_Perc
LH_ATL_InfPole_Mid,0.38228959805168117,301,Sent_Sem
RH_ATL_InfPole_Mid,-0.06170674985318914,301,Sent_Sem
LH_ATL_InfPole_Mid,-0.1976204205041135,301,Sent_Perc
RH_ATL_InfPole_Mid,-0.1716164983228304,301,Sent_Perc
LH_ATL_InfPole_Mid,0.2886297468759742,301,Pic_Sem
RH_ATL_InfPole_Mid,0.09919522848800136,301,Pic_Sem
LH_ATL_InfPole_Mid,-0.35799823900475225,301,Pic_Perc
RH_ATL_InfPole_Mid,-0.36426866881682174,301,Pic_Perc
LH_ATL_InfPole_Mid,0.49275719687031677,376,Sent_Sem
RH_ATL_InfPole_Mid,0.04160181349558328,376,Sent_Sem
LH_ATL_InfPole_Mid,0.15992906606571408,376,Sent_Perc
RH_ATL_InfPole_Mid,-0.04096923209287116,376,Sent_Perc
LH_ATL_InfPole_Mid,0.23482231660993158,376,Pic_Sem
RH_ATL_InfPole_Mid,0.13824799277478378,376,Pic_Sem
LH_ATL_InfPole_Mid,0.10052755560803017,376,Pic_Perc
RH_ATL_InfPole_Mid,-0.023962330605995688,376,Pic_Perc
LH_ATL_InfPole_Mid,0.3682443148873467,399,Sent_Sem
RH_ATL_InfPole_Mid,-0.10120439610487543,399,Sent_Sem
LH_ATL_InfPole_Mid,-0.16135072198151965,399,Sent_Perc
RH_ATL_InfPole_Mid,-0.2679432021605317,399,Sent_Perc
LH_ATL_InfPole_Mid,0.2941599849157662,399,Pic_Sem
RH_ATL_InfPole_Mid,-0.04797702716023461,399,Pic_Sem
LH_ATL_InfPole_Mid,0.027228609504506073,399,Pic_Perc
RH_ATL_InfPole_Mid,-0.14611687476458446,399,Pic_Perc
LH_ATL_InfPole_Mid,0.2670822399493532,400,Sent_Sem
RH_ATL_InfPole_Mid,0.11651912404373474,400,Sent_Sem
LH_ATL_InfPole_Mid,0.121561235898266,400,Sent_Perc
RH_ATL_InfPole_Mid,-0.07438013357843228,400,Sent_Perc
LH_ATL_InfPole_Mid,0.17124547052397543,400,Pic_Sem
RH_ATL_InfPole_Mid,0.2624127198153023,400,Pic_Sem
LH_ATL_InfPole_Mid,0.1106287560942149,400,Pic_Perc
RH_ATL_InfPole_Mid,0.05334306054528632,400,Pic_Perc
LH_ATL_InfPole_Mid,-0.025382163148822,401,Sent_Sem
RH_ATL_InfPole_Mid,0.0806593586037198,401,Sent_Sem
LH_ATL_InfPole_Mid,-0.11812304623263678,401,Sent_Perc
RH_ATL_InfPole_Mid,0.06282313316467233,401,Sent_Perc
LH_ATL_InfPole_Mid,0.05958732613183672,401,Pic_Sem
RH_ATL_InfPole_Mid,0.19177688886566605,401,Pic_Sem
LH_ATL_InfPole_Mid,-0.34238074799665263,401,Pic_Perc
RH_ATL_InfPole_Mid,-0.13368167343235993,401,Pic_Perc
LH_ATL_InfPole_Mid,0.29715843836065636,419,Sent_Sem
RH_ATL_InfPole_Mid,0.12932366162902628,419,Sent_Sem
LH_ATL_InfPole_Mid,0.10087015596847462,419,Sent_Perc
RH_ATL_InfPole_Mid,-0.09948513682727861,419,Sent_Perc
LH_ATL_InfPole_Mid,0.26157849322838345,419,Pic_Sem
RH_ATL_InfPole_Mid,0.1814601429737912,419,Pic_Sem
LH_ATL_InfPole_Mid,0.08597348476784734,419,Pic_Perc
RH_ATL_InfPole_Mid,0.01636646268165696,419,Pic_Perc
LH_ATL_InfPole_Mid,0.2597650267475659,420,Sent_Sem
RH_ATL_InfPole_Mid,0.06740455902099071,420,Sent_Sem
LH_ATL_InfPole_Mid,-0.0008697277604064468,420,Sent_Perc
RH_ATL_InfPole_Mid,0.00512696105016458,420,Sent_Perc
LH_ATL_InfPole_Mid,0.12003276590160591,420,Pic_Sem
RH_ATL_InfPole_Mid,0.0950838594632761,420,Pic_Sem
LH_ATL_InfPole_Mid,-0.0025048429005415235,420,Pic_Perc
RH_ATL_InfPole_Mid,0.05619699883339216,420,Pic_Perc
LH_ATL_InfPole_Mid,0.6083859417591827,426,Sent_Sem
RH_ATL_InfPole_Mid,0.44037416880105135,426,Sent_Sem
LH_ATL_InfPole_Mid,-0.2792005102188908,426,Sent_Perc
RH_ATL_InfPole_Mid,-0.44709176861767597,426,Sent_Perc
LH_ATL_InfPole_Mid,0.5796979750698746,426,Pic_Sem
RH_ATL_InfPole_Mid,0.6647372637312263,426,Pic_Sem
LH_ATL_InfPole_Mid,0.020536886033292782,426,Pic_Perc
RH_ATL_InfPole_Mid,-0.056594243052524626,426,Pic_Perc
LH_ATL_InfPole_Mid,0.06282353847322776,682,Sent_Sem
RH_ATL_InfPole_Mid,-0.1758084974617399,682,Sent_Sem
LH_ATL_InfPole_Mid,-0.6237463652401529,682,Sent_Perc
RH_ATL_InfPole_Mid,-0.20168663449671942,682,Sent_Perc
LH_ATL_InfPole_Mid,0.07065751570045666,682,Pic_Sem
RH_ATL_InfPole_Mid,0.03372796405954655,682,Pic_Sem
LH_ATL_InfPole_Mid,-0.5822332496666197,682,Pic_Perc
RH_ATL_InfPole_Mid,-0.17326552638454815,682,Pic_Perc
LH_ATL_InfPole_Mid,0.1697440995864447,767,Sent_Sem
RH_ATL_InfPole_Mid,-0.049427428245189024,767,Sent_Sem
LH_ATL_InfPole_Mid,-0.0968012695672201,767,Sent_Perc
RH_ATL_InfPole_Mid,-0.21268239397476202,767,Sent_Perc
LH_ATL_InfPole_Mid,0.2925874775443563,767,Pic_Sem
RH_ATL_InfPole_Mid,0.024325114016286148,767,Pic_Sem
LH_ATL_InfPole_Mid,-0.0776881602640536,767,Pic_Perc
RH_ATL_InfPole_Mid,-0.22113248191124457,767,Pic_Perc
LH_ATL_InfPole_Mid,0.27643366245676243,768,Sent_Sem
RH_ATL_InfPole_Mid,0.16332698209043653,768,Sent_Sem
LH_ATL_InfPole_Mid,0.1712594231143239,768,Sent_Perc
RH_ATL_InfPole_Mid,0.13006440587959428,768,Sent_Perc
LH_ATL_InfPole_Mid,0.30193679330181333,768,Pic_Sem
RH_ATL_InfPole_Mid,0.28800439106653275,768,Pic_Sem
LH_ATL_InfPole_Mid,-0.0030914641025866427,768,Pic_Perc
RH_ATL_InfPole_Mid,0.07854667456779935,768,Pic_Perc
LH_ATL_InfPole_Mid,0.35378317942010024,769,Sent_Sem
RH_ATL_InfPole_Mid,-0.01994084154926285,769,Sent_Sem
LH_ATL_InfPole_Mid,0.022464567232758255,769,Sent_Perc
RH_ATL_InfPole_Mid,0.005032277335649711,769,Sent_Perc
LH_ATL_InfPole_Mid,0.2681680661037046,769,Pic_Sem
RH_ATL_InfPole_Mid,0.11420760946781283,769,Pic_Sem
LH_ATL_InfPole_Mid,-0.31647417044119996,769,Pic_Perc
RH_ATL_InfPole_Mid,-0.1013525140319494,769,Pic_Perc
LH_ATL_InfPole_Mid,0.30628009790534283,770,Sent_Sem
RH_ATL_InfPole_Mid,0.2510692180844922,770,Sent_Sem
LH_ATL_InfPole_Mid,0.346882580920143,770,Sent_Perc
RH_ATL_InfPole_Mid,0.27420948365543485,770,Sent_Perc
LH_ATL_InfPole_Mid,0.40450237868754324,770,Pic_Sem
RH_ATL_InfPole_Mid,0.2611285741483477,770,Pic_Sem
LH_ATL_InfPole_Mid,0.13082197042940427,770,Pic_Perc
RH_ATL_InfPole_Mid,0.24394190856614897,770,Pic_Perc
LH_ATL_InfPole_Mid,-0.16455005221107738,773,Sent_Sem
RH_ATL_InfPole_Mid,0.2174281131938952,773,Sent_Sem
LH_ATL_InfPole_Mid,-0.4978258037542348,773,Sent_Perc
RH_ATL_InfPole_Mid,-0.38792691278530195,773,Sent_Perc
LH_ATL_InfPole_Mid,0.17246453798204542,773,Pic_Sem
RH_ATL_InfPole_Mid,0.4447028939958538,773,Pic_Sem
LH_ATL_InfPole_Mid,-0.3612521719791552,773,Pic_Perc
RH_ATL_InfPole_Mid,-0.06259725720389858,773,Pic_Perc
LH_ATL_InfPole_Mid,0.23224890277551768,774,Sent_Sem
RH_ATL_InfPole_Mid,0.1350489303536597,774,Sent_Sem
LH_ATL_InfPole_Mid,-0.10608286984295215,774,Sent_Perc
RH_ATL_InfPole_Mid,-0.3004399138434935,774,Sent_Perc
LH_ATL_InfPole_Mid,0.2593799962594904,774,Pic_Sem
RH_ATL_InfPole_Mid,0.2275996619975444,774,Pic_Sem
LH_ATL_InfPole_Mid,-0.21732916611235512,774,Pic_Perc
RH_ATL_InfPole_Mid,-0.24337189378863516,774,Pic_Perc
LH_ATL_InfPole_Mid,-0.06903871135736436,775,Sent_Sem
RH_ATL_InfPole_Mid,-0.2754683804799428,775,Sent_Sem
LH_ATL_InfPole_Mid,-0.2079007286022499,775,Sent_Perc
RH_ATL_InfPole_Mid,-0.37795997794034725,775,Sent_Perc
LH_ATL_InfPole_Mid,0.0592832334729483,775,Pic_Sem
RH_ATL_InfPole_Mid,0.03817059668642057,775,Pic_Sem
LH_ATL_InfPole_Mid,-0.0853313662560965,775,Pic_Perc
RH_ATL_InfPole_Mid,-0.2883090587390825,775,Pic_Perc
LH_ATL_InfPole_Mid,0.2002101746106205,778,Sent_Sem
RH_ATL_InfPole_Mid,0.13246978274653398,778,Sent_Sem
LH_ATL_InfPole_Mid,-0.018786394815124306,778,Sent_Perc
RH_ATL_InfPole_Mid,0.08184532365045799,778,Sent_Perc
LH_ATL_InfPole_Mid,0.26272885398956863,778,Pic_Sem
RH_ATL_InfPole_Mid,0.39550661510680085,778,Pic_Sem
LH_ATL_InfPole_Mid,-0.09183805076055448,778,Pic_Perc
RH_ATL_InfPole_Mid,0.02302832708913414,778,Pic_Perc
LH_ATL_InfPole_Mid,0.1826423945247667,863,Sent_Sem
RH_ATL_InfPole_Mid,-0.09186088558129396,863,Sent_Sem
LH_ATL_InfPole_Mid,0.0786534000649814,863,Sent_Perc
RH_ATL_InfPole_Mid,-0.031064760250114162,863,Sent_Perc
LH_ATL_InfPole_Mid,0.2651971289497984,863,Pic_Sem
RH_ATL_InfPole_Mid,-0.03903465146918379,863,Pic_Sem
LH_ATL_InfPole_Mid,0.027012399449341917,863,Pic_Perc
RH_ATL_InfPole_Mid,-0.17074815034979549,863,Pic_Perc
