ROI,Subject,Effect, LocalizerSize,EffectSize
1,199_KAN_parametric_20_PL2017,H,0,NaN
1,199_KAN_parametric_20_PL2017,E,0,NaN
1,261_FED_20160523c_3T2_PL2017,H,0,NaN
1,261_FED_20160523c_3T2_PL2017,E,0,NaN
1,407_FED_20160804a_3T1_PL2017,H,0,NaN
1,407_FED_20160804a_3T1_PL2017,E,0,NaN
1,408_FED_20160711a2_3T1_PL2017,H,0,NaN
1,408_FED_20160711a2_3T1_PL2017,E,0,NaN
1,409_FED_20160622a_3T1_PL2017,H,0,NaN
1,409_FED_20160622a_3T1_PL2017,E,0,NaN
1,410_FED_20160623b_3T2_PL2017,H,0,NaN
1,410_FED_20160623b_3T2_PL2017,E,0,NaN
1,730_FED_20190306a_3T2_PL2017,H,0,NaN
1,730_FED_20190306a_3T2_PL2017,E,0,NaN
1,776_FED_20190611b_3T2_PL2017,H,0,NaN
1,776_FED_20190611b_3T2_PL2017,E,0,NaN
1,291_FED_20160803c_3T1_PL2017,H,0,NaN
1,291_FED_20160803c_3T1_PL2017,E,0,NaN
1,400_FED_20160520a_3T1_PL2017,H,0,NaN
1,400_FED_20160520a_3T1_PL2017,E,0,NaN
1,419_FED_20160805a_3T1_PL2017,H,0,NaN
1,419_FED_20160805a_3T1_PL2017,E,0,NaN
1,773_FED_20190605c_3T2_PL2017,H,0,NaN
1,773_FED_20190605c_3T2_PL2017,E,0,NaN
1,774_FED_20190605b_3T2_PL2017,H,0,NaN
1,774_FED_20190605b_3T2_PL2017,E,0,NaN
1,775_FED_20190611a_3T2_PL2017,H,0,NaN
1,775_FED_20190611a_3T2_PL2017,E,0,NaN
1,778_FED_20190614b_3T2_PL2017,H,0,NaN
1,778_FED_20190614b_3T2_PL2017,E,0,NaN
2,199_KAN_parametric_20_PL2017,H,178,2.685284
2,199_KAN_parametric_20_PL2017,E,178,1.74628
2,261_FED_20160523c_3T2_PL2017,H,178,2.467918
2,261_FED_20160523c_3T2_PL2017,E,178,1.77205
2,407_FED_20160804a_3T1_PL2017,H,178,1.084251
2,407_FED_20160804a_3T1_PL2017,E,178,0.725855
2,408_FED_20160711a2_3T1_PL2017,H,178,-0.170256
2,408_FED_20160711a2_3T1_PL2017,E,178,-0.061445
2,409_FED_20160622a_3T1_PL2017,H,178,0.903349
2,409_FED_20160622a_3T1_PL2017,E,178,0.409843
2,410_FED_20160623b_3T2_PL2017,H,178,1.75759
2,410_FED_20160623b_3T2_PL2017,E,178,1.267149
2,730_FED_20190306a_3T2_PL2017,H,178,3.037398
2,730_FED_20190306a_3T2_PL2017,E,178,1.559468
2,776_FED_20190611b_3T2_PL2017,H,178,0.820997
2,776_FED_20190611b_3T2_PL2017,E,178,0.490951
2,291_FED_20160803c_3T1_PL2017,H,178,1.337997
2,291_FED_20160803c_3T1_PL2017,E,178,1.049151
2,400_FED_20160520a_3T1_PL2017,H,178,2.481529
2,400_FED_20160520a_3T1_PL2017,E,178,1.577725
2,419_FED_20160805a_3T1_PL2017,H,178,-0.126413
2,419_FED_20160805a_3T1_PL2017,E,178,-0.156209
2,773_FED_20190605c_3T2_PL2017,H,178,0.78711
2,773_FED_20190605c_3T2_PL2017,E,178,0.555467
2,774_FED_20190605b_3T2_PL2017,H,178,1.819761
2,774_FED_20190605b_3T2_PL2017,E,178,0.723076
2,775_FED_20190611a_3T2_PL2017,H,178,2.977671
2,775_FED_20190611a_3T2_PL2017,E,178,2.364502
2,778_FED_20190614b_3T2_PL2017,H,178,-0.473323
2,778_FED_20190614b_3T2_PL2017,E,178,-0.529414
3,199_KAN_parametric_20_PL2017,H,0,NaN
3,199_KAN_parametric_20_PL2017,E,0,NaN
3,261_FED_20160523c_3T2_PL2017,H,0,NaN
3,261_FED_20160523c_3T2_PL2017,E,0,NaN
3,407_FED_20160804a_3T1_PL2017,H,0,NaN
3,407_FED_20160804a_3T1_PL2017,E,0,NaN
3,408_FED_20160711a2_3T1_PL2017,H,0,NaN
3,408_FED_20160711a2_3T1_PL2017,E,0,NaN
3,409_FED_20160622a_3T1_PL2017,H,0,NaN
3,409_FED_20160622a_3T1_PL2017,E,0,NaN
3,410_FED_20160623b_3T2_PL2017,H,0,NaN
3,410_FED_20160623b_3T2_PL2017,E,0,NaN
3,730_FED_20190306a_3T2_PL2017,H,0,NaN
3,730_FED_20190306a_3T2_PL2017,E,0,NaN
3,776_FED_20190611b_3T2_PL2017,H,0,NaN
3,776_FED_20190611b_3T2_PL2017,E,0,NaN
3,291_FED_20160803c_3T1_PL2017,H,0,NaN
3,291_FED_20160803c_3T1_PL2017,E,0,NaN
3,400_FED_20160520a_3T1_PL2017,H,0,NaN
3,400_FED_20160520a_3T1_PL2017,E,0,NaN
3,419_FED_20160805a_3T1_PL2017,H,0,NaN
3,419_FED_20160805a_3T1_PL2017,E,0,NaN
3,773_FED_20190605c_3T2_PL2017,H,0,NaN
3,773_FED_20190605c_3T2_PL2017,E,0,NaN
3,774_FED_20190605b_3T2_PL2017,H,0,NaN
3,774_FED_20190605b_3T2_PL2017,E,0,NaN
3,775_FED_20190611a_3T2_PL2017,H,0,NaN
3,775_FED_20190611a_3T2_PL2017,E,0,NaN
3,778_FED_20190614b_3T2_PL2017,H,0,NaN
3,778_FED_20190614b_3T2_PL2017,E,0,NaN
4,199_KAN_parametric_20_PL2017,H,116,1.288481
4,199_KAN_parametric_20_PL2017,E,116,0.609832
4,261_FED_20160523c_3T2_PL2017,H,116,2.48328
4,261_FED_20160523c_3T2_PL2017,E,116,1.988851
4,407_FED_20160804a_3T1_PL2017,H,116,0.402321
4,407_FED_20160804a_3T1_PL2017,E,116,0.159646
4,408_FED_20160711a2_3T1_PL2017,H,116,-0.25418
4,408_FED_20160711a2_3T1_PL2017,E,116,-0.288454
4,409_FED_20160622a_3T1_PL2017,H,116,0.192609
4,409_FED_20160622a_3T1_PL2017,E,116,0.171592
4,410_FED_20160623b_3T2_PL2017,H,116,0.570952
4,410_FED_20160623b_3T2_PL2017,E,116,0.483983
4,730_FED_20190306a_3T2_PL2017,H,116,1.211392
4,730_FED_20190306a_3T2_PL2017,E,116,0.574565
4,776_FED_20190611b_3T2_PL2017,H,116,0.321831
4,776_FED_20190611b_3T2_PL2017,E,116,0.153124
4,291_FED_20160803c_3T1_PL2017,H,116,0.870753
4,291_FED_20160803c_3T1_PL2017,E,116,1.078101
4,400_FED_20160520a_3T1_PL2017,H,116,1.280994
4,400_FED_20160520a_3T1_PL2017,E,116,0.624174
4,419_FED_20160805a_3T1_PL2017,H,116,0.667985
4,419_FED_20160805a_3T1_PL2017,E,116,0.678037
4,773_FED_20190605c_3T2_PL2017,H,116,-0.973708
4,773_FED_20190605c_3T2_PL2017,E,116,-0.711234
4,774_FED_20190605b_3T2_PL2017,H,116,0.677398
4,774_FED_20190605b_3T2_PL2017,E,116,-0.17908
4,775_FED_20190611a_3T2_PL2017,H,116,1.124977
4,775_FED_20190611a_3T2_PL2017,E,116,0.812943
4,778_FED_20190614b_3T2_PL2017,H,116,-1.592873
4,778_FED_20190614b_3T2_PL2017,E,116,-1.447029
5,199_KAN_parametric_20_PL2017,H,0,NaN
5,199_KAN_parametric_20_PL2017,E,0,NaN
5,261_FED_20160523c_3T2_PL2017,H,0,NaN
5,261_FED_20160523c_3T2_PL2017,E,0,NaN
5,407_FED_20160804a_3T1_PL2017,H,0,NaN
5,407_FED_20160804a_3T1_PL2017,E,0,NaN
5,408_FED_20160711a2_3T1_PL2017,H,0,NaN
5,408_FED_20160711a2_3T1_PL2017,E,0,NaN
5,409_FED_20160622a_3T1_PL2017,H,0,NaN
5,409_FED_20160622a_3T1_PL2017,E,0,NaN
5,410_FED_20160623b_3T2_PL2017,H,0,NaN
5,410_FED_20160623b_3T2_PL2017,E,0,NaN
5,730_FED_20190306a_3T2_PL2017,H,0,NaN
5,730_FED_20190306a_3T2_PL2017,E,0,NaN
5,776_FED_20190611b_3T2_PL2017,H,0,NaN
5,776_FED_20190611b_3T2_PL2017,E,0,NaN
5,291_FED_20160803c_3T1_PL2017,H,0,NaN
5,291_FED_20160803c_3T1_PL2017,E,0,NaN
5,400_FED_20160520a_3T1_PL2017,H,0,NaN
5,400_FED_20160520a_3T1_PL2017,E,0,NaN
5,419_FED_20160805a_3T1_PL2017,H,0,NaN
5,419_FED_20160805a_3T1_PL2017,E,0,NaN
5,773_FED_20190605c_3T2_PL2017,H,0,NaN
5,773_FED_20190605c_3T2_PL2017,E,0,NaN
5,774_FED_20190605b_3T2_PL2017,H,0,NaN
5,774_FED_20190605b_3T2_PL2017,E,0,NaN
5,775_FED_20190611a_3T2_PL2017,H,0,NaN
5,775_FED_20190611a_3T2_PL2017,E,0,NaN
5,778_FED_20190614b_3T2_PL2017,H,0,NaN
5,778_FED_20190614b_3T2_PL2017,E,0,NaN
6,199_KAN_parametric_20_PL2017,H,46,0.311338
6,199_KAN_parametric_20_PL2017,E,46,-1.10985
6,261_FED_20160523c_3T2_PL2017,H,46,0.967271
6,261_FED_20160523c_3T2_PL2017,E,46,-1.304558
6,407_FED_20160804a_3T1_PL2017,H,46,-1.144591
6,407_FED_20160804a_3T1_PL2017,E,46,-1.323635
6,408_FED_20160711a2_3T1_PL2017,H,46,0.199964
6,408_FED_20160711a2_3T1_PL2017,E,46,0.03788
6,409_FED_20160622a_3T1_PL2017,H,46,-0.04454
6,409_FED_20160622a_3T1_PL2017,E,46,0.290339
6,410_FED_20160623b_3T2_PL2017,H,46,0.369978
6,410_FED_20160623b_3T2_PL2017,E,46,0.278834
6,730_FED_20190306a_3T2_PL2017,H,0,0
6,730_FED_20190306a_3T2_PL2017,E,0,0
6,776_FED_20190611b_3T2_PL2017,H,46,-0.357461
6,776_FED_20190611b_3T2_PL2017,E,46,-0.094364
6,291_FED_20160803c_3T1_PL2017,H,46,-0.579671
6,291_FED_20160803c_3T1_PL2017,E,46,-0.309277
6,400_FED_20160520a_3T1_PL2017,H,46,-0.786009
6,400_FED_20160520a_3T1_PL2017,E,46,-0.234283
6,419_FED_20160805a_3T1_PL2017,H,46,-0.600895
6,419_FED_20160805a_3T1_PL2017,E,46,-0.098812
6,773_FED_20190605c_3T2_PL2017,H,46,-0.070067
6,773_FED_20190605c_3T2_PL2017,E,46,-0.265465
6,774_FED_20190605b_3T2_PL2017,H,46,-0.634342
6,774_FED_20190605b_3T2_PL2017,E,46,-1.339378
6,775_FED_20190611a_3T2_PL2017,H,46,-1.42493
6,775_FED_20190611a_3T2_PL2017,E,46,-0.261463
6,778_FED_20190614b_3T2_PL2017,H,46,-1.920036
6,778_FED_20190614b_3T2_PL2017,E,46,-1.331571
7,199_KAN_parametric_20_PL2017,H,0,NaN
7,199_KAN_parametric_20_PL2017,E,0,NaN
7,261_FED_20160523c_3T2_PL2017,H,0,NaN
7,261_FED_20160523c_3T2_PL2017,E,0,NaN
7,407_FED_20160804a_3T1_PL2017,H,0,NaN
7,407_FED_20160804a_3T1_PL2017,E,0,NaN
7,408_FED_20160711a2_3T1_PL2017,H,0,NaN
7,408_FED_20160711a2_3T1_PL2017,E,0,NaN
7,409_FED_20160622a_3T1_PL2017,H,0,NaN
7,409_FED_20160622a_3T1_PL2017,E,0,NaN
7,410_FED_20160623b_3T2_PL2017,H,0,NaN
7,410_FED_20160623b_3T2_PL2017,E,0,NaN
7,730_FED_20190306a_3T2_PL2017,H,0,NaN
7,730_FED_20190306a_3T2_PL2017,E,0,NaN
7,776_FED_20190611b_3T2_PL2017,H,0,NaN
7,776_FED_20190611b_3T2_PL2017,E,0,NaN
7,291_FED_20160803c_3T1_PL2017,H,0,NaN
7,291_FED_20160803c_3T1_PL2017,E,0,NaN
7,400_FED_20160520a_3T1_PL2017,H,0,NaN
7,400_FED_20160520a_3T1_PL2017,E,0,NaN
7,419_FED_20160805a_3T1_PL2017,H,0,NaN
7,419_FED_20160805a_3T1_PL2017,E,0,NaN
7,773_FED_20190605c_3T2_PL2017,H,0,NaN
7,773_FED_20190605c_3T2_PL2017,E,0,NaN
7,774_FED_20190605b_3T2_PL2017,H,0,NaN
7,774_FED_20190605b_3T2_PL2017,E,0,NaN
7,775_FED_20190611a_3T2_PL2017,H,0,NaN
7,775_FED_20190611a_3T2_PL2017,E,0,NaN
7,778_FED_20190614b_3T2_PL2017,H,0,NaN
7,778_FED_20190614b_3T2_PL2017,E,0,NaN
8,199_KAN_parametric_20_PL2017,H,107,1.007222
8,199_KAN_parametric_20_PL2017,E,107,0.687197
8,261_FED_20160523c_3T2_PL2017,H,107,2.062576
8,261_FED_20160523c_3T2_PL2017,E,107,1.484105
8,407_FED_20160804a_3T1_PL2017,H,107,1.26238
8,407_FED_20160804a_3T1_PL2017,E,107,1.025133
8,408_FED_20160711a2_3T1_PL2017,H,107,0.000907
8,408_FED_20160711a2_3T1_PL2017,E,107,0.090478
8,409_FED_20160622a_3T1_PL2017,H,107,0.283206
8,409_FED_20160622a_3T1_PL2017,E,107,0.301008
8,410_FED_20160623b_3T2_PL2017,H,107,0.950063
8,410_FED_20160623b_3T2_PL2017,E,107,0.891284
8,730_FED_20190306a_3T2_PL2017,H,107,0.92509
8,730_FED_20190306a_3T2_PL2017,E,107,0.744649
8,776_FED_20190611b_3T2_PL2017,H,107,0.337845
8,776_FED_20190611b_3T2_PL2017,E,107,0.226162
8,291_FED_20160803c_3T1_PL2017,H,107,0.148544
8,291_FED_20160803c_3T1_PL2017,E,107,0.09201
8,400_FED_20160520a_3T1_PL2017,H,107,1.122642
8,400_FED_20160520a_3T1_PL2017,E,107,0.868935
8,419_FED_20160805a_3T1_PL2017,H,107,1.218323
8,419_FED_20160805a_3T1_PL2017,E,107,1.43381
8,773_FED_20190605c_3T2_PL2017,H,107,0.044018
8,773_FED_20190605c_3T2_PL2017,E,107,-0.011426
8,774_FED_20190605b_3T2_PL2017,H,107,0.780242
8,774_FED_20190605b_3T2_PL2017,E,107,0.057647
8,775_FED_20190611a_3T2_PL2017,H,107,1.861264
8,775_FED_20190611a_3T2_PL2017,E,107,1.720132
8,778_FED_20190614b_3T2_PL2017,H,107,1.273274
8,778_FED_20190614b_3T2_PL2017,E,107,0.974663
9,199_KAN_parametric_20_PL2017,H,0,NaN
9,199_KAN_parametric_20_PL2017,E,0,NaN
9,261_FED_20160523c_3T2_PL2017,H,0,NaN
9,261_FED_20160523c_3T2_PL2017,E,0,NaN
9,407_FED_20160804a_3T1_PL2017,H,0,NaN
9,407_FED_20160804a_3T1_PL2017,E,0,NaN
9,408_FED_20160711a2_3T1_PL2017,H,0,NaN
9,408_FED_20160711a2_3T1_PL2017,E,0,NaN
9,409_FED_20160622a_3T1_PL2017,H,0,NaN
9,409_FED_20160622a_3T1_PL2017,E,0,NaN
9,410_FED_20160623b_3T2_PL2017,H,0,NaN
9,410_FED_20160623b_3T2_PL2017,E,0,NaN
9,730_FED_20190306a_3T2_PL2017,H,0,NaN
9,730_FED_20190306a_3T2_PL2017,E,0,NaN
9,776_FED_20190611b_3T2_PL2017,H,0,NaN
9,776_FED_20190611b_3T2_PL2017,E,0,NaN
9,291_FED_20160803c_3T1_PL2017,H,0,NaN
9,291_FED_20160803c_3T1_PL2017,E,0,NaN
9,400_FED_20160520a_3T1_PL2017,H,0,NaN
9,400_FED_20160520a_3T1_PL2017,E,0,NaN
9,419_FED_20160805a_3T1_PL2017,H,0,NaN
9,419_FED_20160805a_3T1_PL2017,E,0,NaN
9,773_FED_20190605c_3T2_PL2017,H,0,NaN
9,773_FED_20190605c_3T2_PL2017,E,0,NaN
9,774_FED_20190605b_3T2_PL2017,H,0,NaN
9,774_FED_20190605b_3T2_PL2017,E,0,NaN
9,775_FED_20190611a_3T2_PL2017,H,0,NaN
9,775_FED_20190611a_3T2_PL2017,E,0,NaN
9,778_FED_20190614b_3T2_PL2017,H,0,NaN
9,778_FED_20190614b_3T2_PL2017,E,0,NaN
10,199_KAN_parametric_20_PL2017,H,98,1.784989
10,199_KAN_parametric_20_PL2017,E,98,1.16393
10,261_FED_20160523c_3T2_PL2017,H,98,3.168685
10,261_FED_20160523c_3T2_PL2017,E,98,2.347223
10,407_FED_20160804a_3T1_PL2017,H,98,-0.951695
10,407_FED_20160804a_3T1_PL2017,E,98,-0.960033
10,408_FED_20160711a2_3T1_PL2017,H,98,0.553672
10,408_FED_20160711a2_3T1_PL2017,E,98,0.510198
10,409_FED_20160622a_3T1_PL2017,H,98,1.724043
10,409_FED_20160622a_3T1_PL2017,E,98,1.249927
10,410_FED_20160623b_3T2_PL2017,H,98,4.350806
10,410_FED_20160623b_3T2_PL2017,E,98,2.893685
10,730_FED_20190306a_3T2_PL2017,H,98,0.019853
10,730_FED_20190306a_3T2_PL2017,E,98,-0.06014
10,776_FED_20190611b_3T2_PL2017,H,98,-0.646475
10,776_FED_20190611b_3T2_PL2017,E,98,0.03147
10,291_FED_20160803c_3T1_PL2017,H,98,-0.418731
10,291_FED_20160803c_3T1_PL2017,E,98,-0.070066
10,400_FED_20160520a_3T1_PL2017,H,98,1.394369
10,400_FED_20160520a_3T1_PL2017,E,98,0.85605
10,419_FED_20160805a_3T1_PL2017,H,98,1.316332
10,419_FED_20160805a_3T1_PL2017,E,98,1.583106
10,773_FED_20190605c_3T2_PL2017,H,98,-5.244056
10,773_FED_20190605c_3T2_PL2017,E,98,-2.991972
10,774_FED_20190605b_3T2_PL2017,H,98,7.159021
10,774_FED_20190605b_3T2_PL2017,E,98,4.327783
10,775_FED_20190611a_3T2_PL2017,H,98,1.233184
10,775_FED_20190611a_3T2_PL2017,E,98,1.721919
10,778_FED_20190614b_3T2_PL2017,H,98,1.106352
10,778_FED_20190614b_3T2_PL2017,E,98,1.492994
11,199_KAN_parametric_20_PL2017,H,0,NaN
11,199_KAN_parametric_20_PL2017,E,0,NaN
11,261_FED_20160523c_3T2_PL2017,H,0,NaN
11,261_FED_20160523c_3T2_PL2017,E,0,NaN
11,407_FED_20160804a_3T1_PL2017,H,0,NaN
11,407_FED_20160804a_3T1_PL2017,E,0,NaN
11,408_FED_20160711a2_3T1_PL2017,H,0,NaN
11,408_FED_20160711a2_3T1_PL2017,E,0,NaN
11,409_FED_20160622a_3T1_PL2017,H,0,NaN
11,409_FED_20160622a_3T1_PL2017,E,0,NaN
11,410_FED_20160623b_3T2_PL2017,H,0,NaN
11,410_FED_20160623b_3T2_PL2017,E,0,NaN
11,730_FED_20190306a_3T2_PL2017,H,0,NaN
11,730_FED_20190306a_3T2_PL2017,E,0,NaN
11,776_FED_20190611b_3T2_PL2017,H,0,NaN
11,776_FED_20190611b_3T2_PL2017,E,0,NaN
11,291_FED_20160803c_3T1_PL2017,H,0,NaN
11,291_FED_20160803c_3T1_PL2017,E,0,NaN
11,400_FED_20160520a_3T1_PL2017,H,0,NaN
11,400_FED_20160520a_3T1_PL2017,E,0,NaN
11,419_FED_20160805a_3T1_PL2017,H,0,NaN
11,419_FED_20160805a_3T1_PL2017,E,0,NaN
11,773_FED_20190605c_3T2_PL2017,H,0,NaN
11,773_FED_20190605c_3T2_PL2017,E,0,NaN
11,774_FED_20190605b_3T2_PL2017,H,0,NaN
11,774_FED_20190605b_3T2_PL2017,E,0,NaN
11,775_FED_20190611a_3T2_PL2017,H,0,NaN
11,775_FED_20190611a_3T2_PL2017,E,0,NaN
11,778_FED_20190614b_3T2_PL2017,H,0,NaN
11,778_FED_20190614b_3T2_PL2017,E,0,NaN
12,199_KAN_parametric_20_PL2017,H,125,-0.405487
12,199_KAN_parametric_20_PL2017,E,125,-0.333853
12,261_FED_20160523c_3T2_PL2017,H,125,-0.68896
12,261_FED_20160523c_3T2_PL2017,E,125,-0.596178
12,407_FED_20160804a_3T1_PL2017,H,125,-0.23797
12,407_FED_20160804a_3T1_PL2017,E,125,-0.240695
12,408_FED_20160711a2_3T1_PL2017,H,125,0.062306
12,408_FED_20160711a2_3T1_PL2017,E,125,0.278117
12,409_FED_20160622a_3T1_PL2017,H,125,-0.653629
12,409_FED_20160622a_3T1_PL2017,E,125,0.62291
12,410_FED_20160623b_3T2_PL2017,H,125,-0.305116
12,410_FED_20160623b_3T2_PL2017,E,125,0.038348
12,730_FED_20190306a_3T2_PL2017,H,125,-0.376601
12,730_FED_20190306a_3T2_PL2017,E,125,-0.289233
12,776_FED_20190611b_3T2_PL2017,H,125,-0.764579
12,776_FED_20190611b_3T2_PL2017,E,125,-0.524336
12,291_FED_20160803c_3T1_PL2017,H,125,0.030739
12,291_FED_20160803c_3T1_PL2017,E,125,0.420393
12,400_FED_20160520a_3T1_PL2017,H,125,-0.994123
12,400_FED_20160520a_3T1_PL2017,E,125,-0.28319
12,419_FED_20160805a_3T1_PL2017,H,125,-0.173581
12,419_FED_20160805a_3T1_PL2017,E,125,-0.361391
12,773_FED_20190605c_3T2_PL2017,H,112,-2.412611
12,773_FED_20190605c_3T2_PL2017,E,112,-1.338405
12,774_FED_20190605b_3T2_PL2017,H,125,-0.405056
12,774_FED_20190605b_3T2_PL2017,E,125,-0.48067
12,775_FED_20190611a_3T2_PL2017,H,125,-0.212317
12,775_FED_20190611a_3T2_PL2017,E,125,0.025805
12,778_FED_20190614b_3T2_PL2017,H,125,-1.158953
12,778_FED_20190614b_3T2_PL2017,E,125,-0.673611
13,199_KAN_parametric_20_PL2017,H,0,NaN
13,199_KAN_parametric_20_PL2017,E,0,NaN
13,261_FED_20160523c_3T2_PL2017,H,0,NaN
13,261_FED_20160523c_3T2_PL2017,E,0,NaN
13,407_FED_20160804a_3T1_PL2017,H,0,NaN
13,407_FED_20160804a_3T1_PL2017,E,0,NaN
13,408_FED_20160711a2_3T1_PL2017,H,0,NaN
13,408_FED_20160711a2_3T1_PL2017,E,0,NaN
13,409_FED_20160622a_3T1_PL2017,H,0,NaN
13,409_FED_20160622a_3T1_PL2017,E,0,NaN
13,410_FED_20160623b_3T2_PL2017,H,0,NaN
13,410_FED_20160623b_3T2_PL2017,E,0,NaN
13,730_FED_20190306a_3T2_PL2017,H,0,NaN
13,730_FED_20190306a_3T2_PL2017,E,0,NaN
13,776_FED_20190611b_3T2_PL2017,H,0,NaN
13,776_FED_20190611b_3T2_PL2017,E,0,NaN
13,291_FED_20160803c_3T1_PL2017,H,0,NaN
13,291_FED_20160803c_3T1_PL2017,E,0,NaN
13,400_FED_20160520a_3T1_PL2017,H,0,NaN
13,400_FED_20160520a_3T1_PL2017,E,0,NaN
13,419_FED_20160805a_3T1_PL2017,H,0,NaN
13,419_FED_20160805a_3T1_PL2017,E,0,NaN
13,773_FED_20190605c_3T2_PL2017,H,0,NaN
13,773_FED_20190605c_3T2_PL2017,E,0,NaN
13,774_FED_20190605b_3T2_PL2017,H,0,NaN
13,774_FED_20190605b_3T2_PL2017,E,0,NaN
13,775_FED_20190611a_3T2_PL2017,H,0,NaN
13,775_FED_20190611a_3T2_PL2017,E,0,NaN
13,778_FED_20190614b_3T2_PL2017,H,0,NaN
13,778_FED_20190614b_3T2_PL2017,E,0,NaN
14,199_KAN_parametric_20_PL2017,H,181,0.588226
14,199_KAN_parametric_20_PL2017,E,181,0.415365
14,261_FED_20160523c_3T2_PL2017,H,181,-1.629837
14,261_FED_20160523c_3T2_PL2017,E,181,-1.680376
14,407_FED_20160804a_3T1_PL2017,H,181,-0.910088
14,407_FED_20160804a_3T1_PL2017,E,181,-0.63387
14,408_FED_20160711a2_3T1_PL2017,H,181,0.068454
14,408_FED_20160711a2_3T1_PL2017,E,181,0.13868
14,409_FED_20160622a_3T1_PL2017,H,181,-0.340648
14,409_FED_20160622a_3T1_PL2017,E,181,0.399921
14,410_FED_20160623b_3T2_PL2017,H,181,-0.516504
14,410_FED_20160623b_3T2_PL2017,E,181,-0.11504
14,730_FED_20190306a_3T2_PL2017,H,181,-0.121966
14,730_FED_20190306a_3T2_PL2017,E,181,-0.162131
14,776_FED_20190611b_3T2_PL2017,H,181,-0.914134
14,776_FED_20190611b_3T2_PL2017,E,181,-0.259379
14,291_FED_20160803c_3T1_PL2017,H,181,-0.936729
14,291_FED_20160803c_3T1_PL2017,E,181,-0.474215
14,400_FED_20160520a_3T1_PL2017,H,181,-1.045852
14,400_FED_20160520a_3T1_PL2017,E,181,-0.269227
14,419_FED_20160805a_3T1_PL2017,H,181,-0.536718
14,419_FED_20160805a_3T1_PL2017,E,181,-0.517765
14,773_FED_20190605c_3T2_PL2017,H,181,-2.055777
14,773_FED_20190605c_3T2_PL2017,E,181,-1.047745
14,774_FED_20190605b_3T2_PL2017,H,181,-0.795415
14,774_FED_20190605b_3T2_PL2017,E,181,-0.872209
14,775_FED_20190611a_3T2_PL2017,H,181,-1.361206
14,775_FED_20190611a_3T2_PL2017,E,181,-0.104657
14,778_FED_20190614b_3T2_PL2017,H,181,-2.219548
14,778_FED_20190614b_3T2_PL2017,E,181,-1.165037
15,199_KAN_parametric_20_PL2017,H,0,NaN
15,199_KAN_parametric_20_PL2017,E,0,NaN
15,261_FED_20160523c_3T2_PL2017,H,0,NaN
15,261_FED_20160523c_3T2_PL2017,E,0,NaN
15,407_FED_20160804a_3T1_PL2017,H,0,NaN
15,407_FED_20160804a_3T1_PL2017,E,0,NaN
15,408_FED_20160711a2_3T1_PL2017,H,0,NaN
15,408_FED_20160711a2_3T1_PL2017,E,0,NaN
15,409_FED_20160622a_3T1_PL2017,H,0,NaN
15,409_FED_20160622a_3T1_PL2017,E,0,NaN
15,410_FED_20160623b_3T2_PL2017,H,0,NaN
15,410_FED_20160623b_3T2_PL2017,E,0,NaN
15,730_FED_20190306a_3T2_PL2017,H,0,NaN
15,730_FED_20190306a_3T2_PL2017,E,0,NaN
15,776_FED_20190611b_3T2_PL2017,H,0,NaN
15,776_FED_20190611b_3T2_PL2017,E,0,NaN
15,291_FED_20160803c_3T1_PL2017,H,0,NaN
15,291_FED_20160803c_3T1_PL2017,E,0,NaN
15,400_FED_20160520a_3T1_PL2017,H,0,NaN
15,400_FED_20160520a_3T1_PL2017,E,0,NaN
15,419_FED_20160805a_3T1_PL2017,H,0,NaN
15,419_FED_20160805a_3T1_PL2017,E,0,NaN
15,773_FED_20190605c_3T2_PL2017,H,0,NaN
15,773_FED_20190605c_3T2_PL2017,E,0,NaN
15,774_FED_20190605b_3T2_PL2017,H,0,NaN
15,774_FED_20190605b_3T2_PL2017,E,0,NaN
15,775_FED_20190611a_3T2_PL2017,H,0,NaN
15,775_FED_20190611a_3T2_PL2017,E,0,NaN
15,778_FED_20190614b_3T2_PL2017,H,0,NaN
15,778_FED_20190614b_3T2_PL2017,E,0,NaN
16,199_KAN_parametric_20_PL2017,H,65,1.208976
16,199_KAN_parametric_20_PL2017,E,65,1.034853
16,261_FED_20160523c_3T2_PL2017,H,65,-0.34353
16,261_FED_20160523c_3T2_PL2017,E,65,-0.512112
16,407_FED_20160804a_3T1_PL2017,H,65,0.255228
16,407_FED_20160804a_3T1_PL2017,E,65,-0.078707
16,408_FED_20160711a2_3T1_PL2017,H,65,-0.377811
16,408_FED_20160711a2_3T1_PL2017,E,65,-0.13808
16,409_FED_20160622a_3T1_PL2017,H,65,1.095083
16,409_FED_20160622a_3T1_PL2017,E,65,0.643464
16,410_FED_20160623b_3T2_PL2017,H,65,2.248027
16,410_FED_20160623b_3T2_PL2017,E,65,1.11261
16,730_FED_20190306a_3T2_PL2017,H,65,0.165747
16,730_FED_20190306a_3T2_PL2017,E,65,0.05399
16,776_FED_20190611b_3T2_PL2017,H,65,0.61058
16,776_FED_20190611b_3T2_PL2017,E,65,-0.161438
16,291_FED_20160803c_3T1_PL2017,H,65,4.73248
16,291_FED_20160803c_3T1_PL2017,E,65,3.872242
16,400_FED_20160520a_3T1_PL2017,H,65,0.324349
16,400_FED_20160520a_3T1_PL2017,E,65,0.009034
16,419_FED_20160805a_3T1_PL2017,H,65,-1.205849
16,419_FED_20160805a_3T1_PL2017,E,65,-0.494211
16,773_FED_20190605c_3T2_PL2017,H,65,1.291413
16,773_FED_20190605c_3T2_PL2017,E,65,0.958624
16,774_FED_20190605b_3T2_PL2017,H,65,2.644464
16,774_FED_20190605b_3T2_PL2017,E,65,1.559226
16,775_FED_20190611a_3T2_PL2017,H,65,0.654531
16,775_FED_20190611a_3T2_PL2017,E,65,0.743732
16,778_FED_20190614b_3T2_PL2017,H,65,0.746171
16,778_FED_20190614b_3T2_PL2017,E,65,0.19618
17,199_KAN_parametric_20_PL2017,H,0,NaN
17,199_KAN_parametric_20_PL2017,E,0,NaN
17,261_FED_20160523c_3T2_PL2017,H,0,NaN
17,261_FED_20160523c_3T2_PL2017,E,0,NaN
17,407_FED_20160804a_3T1_PL2017,H,0,NaN
17,407_FED_20160804a_3T1_PL2017,E,0,NaN
17,408_FED_20160711a2_3T1_PL2017,H,0,NaN
17,408_FED_20160711a2_3T1_PL2017,E,0,NaN
17,409_FED_20160622a_3T1_PL2017,H,0,NaN
17,409_FED_20160622a_3T1_PL2017,E,0,NaN
17,410_FED_20160623b_3T2_PL2017,H,0,NaN
17,410_FED_20160623b_3T2_PL2017,E,0,NaN
17,730_FED_20190306a_3T2_PL2017,H,0,NaN
17,730_FED_20190306a_3T2_PL2017,E,0,NaN
17,776_FED_20190611b_3T2_PL2017,H,0,NaN
17,776_FED_20190611b_3T2_PL2017,E,0,NaN
17,291_FED_20160803c_3T1_PL2017,H,0,NaN
17,291_FED_20160803c_3T1_PL2017,E,0,NaN
17,400_FED_20160520a_3T1_PL2017,H,0,NaN
17,400_FED_20160520a_3T1_PL2017,E,0,NaN
17,419_FED_20160805a_3T1_PL2017,H,0,NaN
17,419_FED_20160805a_3T1_PL2017,E,0,NaN
17,773_FED_20190605c_3T2_PL2017,H,0,NaN
17,773_FED_20190605c_3T2_PL2017,E,0,NaN
17,774_FED_20190605b_3T2_PL2017,H,0,NaN
17,774_FED_20190605b_3T2_PL2017,E,0,NaN
17,775_FED_20190611a_3T2_PL2017,H,0,NaN
17,775_FED_20190611a_3T2_PL2017,E,0,NaN
17,778_FED_20190614b_3T2_PL2017,H,0,NaN
17,778_FED_20190614b_3T2_PL2017,E,0,NaN
18,199_KAN_parametric_20_PL2017,H,55,0.1213
18,199_KAN_parametric_20_PL2017,E,55,-0.256184
18,261_FED_20160523c_3T2_PL2017,H,55,1.025386
18,261_FED_20160523c_3T2_PL2017,E,55,0.89313
18,407_FED_20160804a_3T1_PL2017,H,55,0.732293
18,407_FED_20160804a_3T1_PL2017,E,55,-0.015968
18,408_FED_20160711a2_3T1_PL2017,H,55,0.246017
18,408_FED_20160711a2_3T1_PL2017,E,55,0.184359
18,409_FED_20160622a_3T1_PL2017,H,55,2.078846
18,409_FED_20160622a_3T1_PL2017,E,55,2.064499
18,410_FED_20160623b_3T2_PL2017,H,55,1.147729
18,410_FED_20160623b_3T2_PL2017,E,55,0.789649
18,730_FED_20190306a_3T2_PL2017,H,55,0.329953
18,730_FED_20190306a_3T2_PL2017,E,55,0.067006
18,776_FED_20190611b_3T2_PL2017,H,55,-0.248294
18,776_FED_20190611b_3T2_PL2017,E,55,-0.463027
18,291_FED_20160803c_3T1_PL2017,H,55,2.304338
18,291_FED_20160803c_3T1_PL2017,E,55,1.919957
18,400_FED_20160520a_3T1_PL2017,H,55,-0.741395
18,400_FED_20160520a_3T1_PL2017,E,55,-1.022213
18,419_FED_20160805a_3T1_PL2017,H,55,-1.245312
18,419_FED_20160805a_3T1_PL2017,E,55,-0.844872
18,773_FED_20190605c_3T2_PL2017,H,55,2.520033
18,773_FED_20190605c_3T2_PL2017,E,55,2.362144
18,774_FED_20190605b_3T2_PL2017,H,55,-0.419767
18,774_FED_20190605b_3T2_PL2017,E,55,-0.72146
18,775_FED_20190611a_3T2_PL2017,H,55,0.604794
18,775_FED_20190611a_3T2_PL2017,E,55,0.680499
18,778_FED_20190614b_3T2_PL2017,H,55,0.468316
18,778_FED_20190614b_3T2_PL2017,E,55,0.133394
19,199_KAN_parametric_20_PL2017,H,0,NaN
19,199_KAN_parametric_20_PL2017,E,0,NaN
19,261_FED_20160523c_3T2_PL2017,H,0,NaN
19,261_FED_20160523c_3T2_PL2017,E,0,NaN
19,407_FED_20160804a_3T1_PL2017,H,0,NaN
19,407_FED_20160804a_3T1_PL2017,E,0,NaN
19,408_FED_20160711a2_3T1_PL2017,H,0,NaN
19,408_FED_20160711a2_3T1_PL2017,E,0,NaN
19,409_FED_20160622a_3T1_PL2017,H,0,NaN
19,409_FED_20160622a_3T1_PL2017,E,0,NaN
19,410_FED_20160623b_3T2_PL2017,H,0,NaN
19,410_FED_20160623b_3T2_PL2017,E,0,NaN
19,730_FED_20190306a_3T2_PL2017,H,0,NaN
19,730_FED_20190306a_3T2_PL2017,E,0,NaN
19,776_FED_20190611b_3T2_PL2017,H,0,NaN
19,776_FED_20190611b_3T2_PL2017,E,0,NaN
19,291_FED_20160803c_3T1_PL2017,H,0,NaN
19,291_FED_20160803c_3T1_PL2017,E,0,NaN
19,400_FED_20160520a_3T1_PL2017,H,0,NaN
19,400_FED_20160520a_3T1_PL2017,E,0,NaN
19,419_FED_20160805a_3T1_PL2017,H,0,NaN
19,419_FED_20160805a_3T1_PL2017,E,0,NaN
19,773_FED_20190605c_3T2_PL2017,H,0,NaN
19,773_FED_20190605c_3T2_PL2017,E,0,NaN
19,774_FED_20190605b_3T2_PL2017,H,0,NaN
19,774_FED_20190605b_3T2_PL2017,E,0,NaN
19,775_FED_20190611a_3T2_PL2017,H,0,NaN
19,775_FED_20190611a_3T2_PL2017,E,0,NaN
19,778_FED_20190614b_3T2_PL2017,H,0,NaN
19,778_FED_20190614b_3T2_PL2017,E,0,NaN
20,199_KAN_parametric_20_PL2017,H,118,1.001102
20,199_KAN_parametric_20_PL2017,E,118,0.706408
20,261_FED_20160523c_3T2_PL2017,H,118,1.002495
20,261_FED_20160523c_3T2_PL2017,E,118,0.730155
20,407_FED_20160804a_3T1_PL2017,H,118,0.622484
20,407_FED_20160804a_3T1_PL2017,E,118,0.226155
20,408_FED_20160711a2_3T1_PL2017,H,118,0.081806
20,408_FED_20160711a2_3T1_PL2017,E,118,0.166549
20,409_FED_20160622a_3T1_PL2017,H,118,0.452031
20,409_FED_20160622a_3T1_PL2017,E,118,0.326198
20,410_FED_20160623b_3T2_PL2017,H,118,0.605554
20,410_FED_20160623b_3T2_PL2017,E,118,0.334886
20,730_FED_20190306a_3T2_PL2017,H,118,0.756857
20,730_FED_20190306a_3T2_PL2017,E,118,0.479476
20,776_FED_20190611b_3T2_PL2017,H,118,-0.085357
20,776_FED_20190611b_3T2_PL2017,E,118,-0.126934
20,291_FED_20160803c_3T1_PL2017,H,118,0.741909
20,291_FED_20160803c_3T1_PL2017,E,118,0.80713
20,400_FED_20160520a_3T1_PL2017,H,118,1.48536
20,400_FED_20160520a_3T1_PL2017,E,118,0.994274
20,419_FED_20160805a_3T1_PL2017,H,118,0.279443
20,419_FED_20160805a_3T1_PL2017,E,118,0.37544
20,773_FED_20190605c_3T2_PL2017,H,118,1.244193
20,773_FED_20190605c_3T2_PL2017,E,118,1.210248
20,774_FED_20190605b_3T2_PL2017,H,118,0.199217
20,774_FED_20190605b_3T2_PL2017,E,118,-0.389742
20,775_FED_20190611a_3T2_PL2017,H,118,0.372871
20,775_FED_20190611a_3T2_PL2017,E,118,0.524101
20,778_FED_20190614b_3T2_PL2017,H,118,-0.122866
20,778_FED_20190614b_3T2_PL2017,E,118,0.092473
21,199_KAN_parametric_20_PL2017,H,0,NaN
21,199_KAN_parametric_20_PL2017,E,0,NaN
21,261_FED_20160523c_3T2_PL2017,H,0,NaN
21,261_FED_20160523c_3T2_PL2017,E,0,NaN
21,407_FED_20160804a_3T1_PL2017,H,0,NaN
21,407_FED_20160804a_3T1_PL2017,E,0,NaN
21,408_FED_20160711a2_3T1_PL2017,H,0,NaN
21,408_FED_20160711a2_3T1_PL2017,E,0,NaN
21,409_FED_20160622a_3T1_PL2017,H,0,NaN
21,409_FED_20160622a_3T1_PL2017,E,0,NaN
21,410_FED_20160623b_3T2_PL2017,H,0,NaN
21,410_FED_20160623b_3T2_PL2017,E,0,NaN
21,730_FED_20190306a_3T2_PL2017,H,0,NaN
21,730_FED_20190306a_3T2_PL2017,E,0,NaN
21,776_FED_20190611b_3T2_PL2017,H,0,NaN
21,776_FED_20190611b_3T2_PL2017,E,0,NaN
21,291_FED_20160803c_3T1_PL2017,H,0,NaN
21,291_FED_20160803c_3T1_PL2017,E,0,NaN
21,400_FED_20160520a_3T1_PL2017,H,0,NaN
21,400_FED_20160520a_3T1_PL2017,E,0,NaN
21,419_FED_20160805a_3T1_PL2017,H,0,NaN
21,419_FED_20160805a_3T1_PL2017,E,0,NaN
21,773_FED_20190605c_3T2_PL2017,H,0,NaN
21,773_FED_20190605c_3T2_PL2017,E,0,NaN
21,774_FED_20190605b_3T2_PL2017,H,0,NaN
21,774_FED_20190605b_3T2_PL2017,E,0,NaN
21,775_FED_20190611a_3T2_PL2017,H,0,NaN
21,775_FED_20190611a_3T2_PL2017,E,0,NaN
21,778_FED_20190614b_3T2_PL2017,H,0,NaN
21,778_FED_20190614b_3T2_PL2017,E,0,NaN
22,199_KAN_parametric_20_PL2017,H,58,0.217384
22,199_KAN_parametric_20_PL2017,E,58,0.046678
22,261_FED_20160523c_3T2_PL2017,H,58,0.187261
22,261_FED_20160523c_3T2_PL2017,E,58,0.032157
22,407_FED_20160804a_3T1_PL2017,H,58,-0.396126
22,407_FED_20160804a_3T1_PL2017,E,58,-0.481795
22,408_FED_20160711a2_3T1_PL2017,H,58,-0.018179
22,408_FED_20160711a2_3T1_PL2017,E,58,0.110261
22,409_FED_20160622a_3T1_PL2017,H,58,0.273727
22,409_FED_20160622a_3T1_PL2017,E,58,0.195664
22,410_FED_20160623b_3T2_PL2017,H,58,-0.139646
22,410_FED_20160623b_3T2_PL2017,E,58,-0.01853
22,730_FED_20190306a_3T2_PL2017,H,58,0.277813
22,730_FED_20190306a_3T2_PL2017,E,58,0.173028
22,776_FED_20190611b_3T2_PL2017,H,58,-0.566686
22,776_FED_20190611b_3T2_PL2017,E,58,-0.456586
22,291_FED_20160803c_3T1_PL2017,H,58,0.244191
22,291_FED_20160803c_3T1_PL2017,E,58,0.30267
22,400_FED_20160520a_3T1_PL2017,H,58,0.311673
22,400_FED_20160520a_3T1_PL2017,E,58,0.428487
22,419_FED_20160805a_3T1_PL2017,H,58,0.113105
22,419_FED_20160805a_3T1_PL2017,E,58,0.271115
22,773_FED_20190605c_3T2_PL2017,H,58,-0.286678
22,773_FED_20190605c_3T2_PL2017,E,58,-0.201436
22,774_FED_20190605b_3T2_PL2017,H,58,-0.358034
22,774_FED_20190605b_3T2_PL2017,E,58,-0.644621
22,775_FED_20190611a_3T2_PL2017,H,58,-0.482144
22,775_FED_20190611a_3T2_PL2017,E,58,-0.084247
22,778_FED_20190614b_3T2_PL2017,H,58,-1.03744
22,778_FED_20190614b_3T2_PL2017,E,58,-0.670028