subject,index,weight,i,j,k,x(mm),y(mm),z(mm)
1,101771,0.4000,33,29,11,26,-70,-52
1,111600,0.2000,34,28,12,24,-72,-50
1,111690,0.2000,33,29,12,26,-70,-50
1,111691,0.6000,34,29,12,24,-70,-50
1,121253,0.2000,41,25,13,10,-78,-48
1,121610,0.4000,34,29,13,24,-70,-48
1,130988,0.2000,39,23,14,14,-82,-46
1,130989,0.2000,40,23,14,12,-82,-46
1,131077,0.2000,37,24,14,18,-80,-46
1,131159,0.6000,28,25,14,36,-78,-46
1,131249,0.6000,27,26,14,38,-76,-46
1,131262,0.2000,40,26,14,12,-76,-46
1,131263,0.6000,41,26,14,10,-76,-46
1,131264,0.4000,42,26,14,8,-76,-46
1,140812,0.4000,35,22,15,22,-84,-44
1,140813,0.8000,36,22,15,20,-84,-44
1,140814,0.8000,37,22,15,18,-84,-44
1,140815,0.2000,38,22,15,16,-84,-44
1,140988,0.4000,29,24,15,34,-80,-44
1,141077,1.0000,27,25,15,38,-78,-44
1,141078,0.8000,28,25,15,36,-78,-44
1,141167,1.0000,26,26,15,40,-76,-44
1,141168,0.2000,27,26,15,38,-76,-44
1,141257,0.6000,25,27,15,42,-74,-44
1,141261,0.2000,29,27,15,34,-74,-44
1,141272,0.6000,40,27,15,12,-74,-44
1,141347,0.8000,24,28,15,44,-72,-44
1,141528,0.4000,23,30,15,46,-68,-44
1,141715,0.2000,28,32,15,36,-64,-44
1,150640,1.0000,35,21,16,22,-86,-42
1,150641,1.0000,36,21,16,20,-86,-42
1,150642,1.0000,37,21,16,18,-86,-42
1,150643,1.0000,38,21,16,16,-86,-42
1,150644,0.8000,39,21,16,14,-86,-42
1,150730,0.2000,34,22,16,24,-84,-42
1,150818,0.2000,31,23,16,30,-82,-42
1,150819,0.6000,32,23,16,28,-82,-42
1,150907,0.4000,29,24,16,34,-80,-42
1,150996,1.0000,27,25,16,38,-78,-42
1,150997,0.6000,28,25,16,36,-78,-42
1,151085,1.0000,25,26,16,42,-76,-42
1,151086,0.8000,26,26,16,40,-76,-42
1,151089,0.2000,29,26,16,34,-76,-42
1,151175,0.8000,24,27,16,44,-74,-42
1,151176,0.2000,25,27,16,42,-74,-42
1,151179,0.4000,28,27,16,36,-74,-42
1,151266,0.2000,24,28,16,44,-72,-42
1,160470,1.0000,37,20,17,18,-88,-40
1,160471,1.0000,38,20,17,16,-88,-40
1,160472,1.0000,39,20,17,14,-88,-40
1,160559,1.0000,35,21,17,22,-86,-40
1,160560,1.0000,36,21,17,20,-86,-40
1,160561,0.4000,37,21,17,18,-86,-40
1,160736,0.2000,30,23,17,32,-82,-40
1,160737,0.2000,31,23,17,30,-82,-40
1,160738,0.8000,32,23,17,28,-82,-40
1,160825,0.8000,28,24,17,36,-80,-40
1,160826,0.4000,29,24,17,34,-80,-40
1,160914,1.0000,26,25,17,40,-78,-40
1,160915,1.0000,27,25,17,38,-78,-40
1,160916,0.4000,28,25,17,36,-78,-40
1,161004,0.8000,25,26,17,42,-76,-40
1,161005,0.6000,26,26,17,40,-76,-40
1,161094,0.8000,24,27,17,44,-74,-40
1,161095,0.2000,25,27,17,42,-74,-40
1,161184,0.6000,23,28,17,46,-72,-40
1,161189,0.2000,28,28,17,36,-72,-40
1,161456,0.2000,22,31,17,48,-66,-40
1,170389,1.0000,37,20,18,18,-88,-38
1,170390,1.0000,38,20,18,16,-88,-38
1,170391,1.0000,39,20,18,14,-88,-38
1,170392,1.0000,40,20,18,12,-88,-38
1,170393,1.0000,41,20,18,10,-88,-38
1,170477,1.0000,34,21,18,24,-86,-38
1,170478,1.0000,35,21,18,22,-86,-38
1,170479,0.8000,36,21,18,20,-86,-38
1,170654,0.8000,29,23,18,34,-82,-38
1,170655,0.6000,30,23,18,32,-82,-38
1,170656,0.8000,31,23,18,30,-82,-38
1,170657,0.8000,32,23,18,28,-82,-38
1,170743,1.0000,27,24,18,38,-80,-38
1,170744,1.0000,28,24,18,36,-80,-38
1,170745,0.6000,29,24,18,34,-80,-38
1,170833,1.0000,26,25,18,40,-78,-38
1,170834,1.0000,27,25,18,38,-78,-38
1,170835,0.6000,28,25,18,36,-78,-38
1,170923,1.0000,25,26,18,42,-76,-38
1,170924,1.0000,26,26,18,40,-76,-38
1,170925,0.4000,27,26,18,38,-76,-38
1,171013,0.8000,24,27,18,44,-74,-38
1,171017,0.2000,28,27,18,36,-74,-38
1,171108,0.2000,28,28,18,36,-72,-38
1,171285,0.2000,23,30,18,46,-68,-38
1,180308,1.0000,37,20,19,18,-88,-36
1,180309,1.0000,38,20,19,16,-88,-36
1,180310,1.0000,39,20,19,14,-88,-36
1,180311,1.0000,40,20,19,12,-88,-36
1,180312,1.0000,41,20,19,10,-88,-36
1,180313,1.0000,42,20,19,8,-88,-36
1,180397,1.0000,35,21,19,22,-86,-36
1,180398,1.0000,36,21,19,20,-86,-36
1,180399,0.2000,37,21,19,18,-86,-36
1,180575,0.8000,31,23,19,30,-82,-36
1,180662,1.0000,27,24,19,38,-80,-36
1,180663,1.0000,28,24,19,36,-80,-36
1,180664,0.8000,29,24,19,34,-80,-36
1,180665,0.6000,30,24,19,32,-80,-36
1,180666,0.2000,31,24,19,30,-80,-36
1,180752,1.0000,26,25,19,40,-78,-36
1,180753,1.0000,27,25,19,38,-78,-36
1,180754,0.8000,28,25,19,36,-78,-36
1,180841,1.0000,24,26,19,44,-76,-36
1,180842,1.0000,25,26,19,42,-76,-36
1,180843,1.0000,26,26,19,40,-76,-36
1,180844,0.6000,27,26,19,38,-76,-36
1,180845,0.2000,28,26,19,36,-76,-36
1,180932,0.2000,24,27,19,44,-74,-36
1,180936,0.4000,28,27,19,36,-74,-36
1,181027,0.2000,28,28,19,36,-72,-36
1,181204,0.4000,23,30,19,46,-68,-36
1,181295,0.4000,23,31,19,46,-66,-36
1,181296,0.2000,24,31,19,44,-66,-36
1,190228,1.0000,38,20,20,16,-88,-34
1,190229,1.0000,39,20,20,14,-88,-34
1,190230,1.0000,40,20,20,12,-88,-34
1,190231,1.0000,41,20,20,10,-88,-34
1,190317,1.0000,36,21,20,20,-86,-34
1,190318,1.0000,37,21,20,18,-86,-34
1,190319,0.8000,38,21,20,16,-86,-34
1,190321,0.2000,40,21,20,12,-86,-34
1,190322,0.4000,41,21,20,10,-86,-34
1,190323,0.4000,42,21,20,8,-86,-34
1,190324,0.8000,43,21,20,6,-86,-34
1,190496,0.4000,33,23,20,26,-82,-34
1,190582,0.8000,28,24,20,36,-80,-34
1,190583,0.8000,29,24,20,34,-80,-34
1,190584,0.6000,30,24,20,32,-80,-34
1,190671,1.0000,26,25,20,40,-78,-34
1,190672,1.0000,27,25,20,38,-78,-34
1,190673,0.2000,28,25,20,36,-78,-34
1,190674,0.2000,29,25,20,34,-78,-34
1,190761,1.0000,25,26,20,42,-76,-34
1,190762,1.0000,26,26,20,40,-76,-34
1,190763,0.6000,27,26,20,38,-76,-34
1,190764,0.4000,28,26,20,36,-76,-34
1,190854,0.4000,27,27,20,38,-74,-34
1,190855,0.4000,28,27,20,36,-74,-34
1,190946,0.2000,28,28,20,36,-72,-34
1,191127,0.2000,27,30,20,38,-68,-34
1,200237,1.0000,37,21,21,18,-86,-32
1,200238,1.0000,38,21,21,16,-86,-32
1,200239,1.0000,39,21,21,14,-86,-32
1,200240,1.0000,40,21,21,12,-86,-32
1,200241,1.0000,41,21,21,10,-86,-32
1,200242,1.0000,42,21,21,8,-86,-32
1,200243,1.0000,43,21,21,6,-86,-32
1,200328,0.2000,37,22,21,18,-84,-32
1,200329,0.4000,38,22,21,16,-84,-32
1,200333,0.2000,42,22,21,8,-84,-32
1,200334,0.4000,43,22,21,6,-84,-32
1,200335,0.8000,44,22,21,4,-84,-32
1,200414,1.0000,32,23,21,28,-82,-32
1,200415,1.0000,33,23,21,26,-82,-32
1,200506,1.0000,33,24,21,26,-80,-32
1,200507,0.4000,34,24,21,24,-80,-32
1,200508,0.4000,35,24,21,22,-80,-32
1,200510,0.2000,37,24,21,18,-80,-32
1,200511,0.2000,38,24,21,16,-80,-32
1,200598,0.4000,34,25,21,24,-78,-32
1,200608,0.2000,44,25,21,4,-78,-32
1,200681,0.4000,26,26,21,40,-76,-32
1,200682,0.4000,27,26,21,38,-76,-32
1,200700,0.2000,45,26,21,2,-76,-32
1,200772,0.2000,26,27,21,40,-74,-32
1,200773,0.2000,27,27,21,38,-74,-32
1,210156,1.0000,37,21,22,18,-86,-30
1,210157,1.0000,38,21,22,16,-86,-30
1,210158,1.0000,39,21,22,14,-86,-30
1,210159,1.0000,40,21,22,12,-86,-30
1,210160,1.0000,41,21,22,10,-86,-30
1,210161,1.0000,42,21,22,8,-86,-30
1,210162,1.0000,43,21,22,6,-86,-30
1,210245,0.2000,35,22,22,22,-84,-30
1,210246,0.2000,36,22,22,20,-84,-30
1,210247,0.2000,37,22,22,18,-84,-30
1,210253,0.2000,43,22,22,6,-84,-30
1,210254,0.4000,44,22,22,4,-84,-30
1,210334,1.0000,33,23,22,26,-82,-30
1,210335,0.8000,34,23,22,24,-82,-30
1,210336,0.2000,35,23,22,22,-82,-30
1,210423,1.0000,31,24,22,30,-80,-30
1,210424,1.0000,32,24,22,28,-80,-30
1,210425,0.8000,33,24,22,26,-80,-30
1,210426,0.6000,34,24,22,24,-80,-30
1,210427,0.4000,35,24,22,22,-80,-30
1,210428,0.2000,36,24,22,20,-80,-30
1,210429,0.2000,37,24,22,18,-80,-30
1,210512,1.0000,29,25,22,34,-78,-30
1,210513,1.0000,30,25,22,32,-78,-30
1,210514,1.0000,31,25,22,30,-78,-30
1,210518,0.4000,35,25,22,22,-78,-30
1,210519,0.2000,36,25,22,20,-78,-30
1,210520,0.2000,37,25,22,18,-78,-30
1,210521,0.4000,38,25,22,16,-78,-30
1,210522,0.6000,39,25,22,14,-78,-30
1,210523,0.6000,40,25,22,12,-78,-30
1,210527,0.2000,44,25,22,4,-78,-30
1,210528,0.2000,45,25,22,2,-78,-30
1,210604,0.4000,30,26,22,32,-76,-30
1,210611,0.2000,37,26,22,18,-76,-30
1,210612,0.4000,38,26,22,16,-76,-30
1,210613,0.4000,39,26,22,14,-76,-30
1,210619,0.2000,45,26,22,2,-76,-30
1,210620,0.2000,46,26,22,0,-76,-30
1,220075,0.6000,37,21,23,18,-86,-28
1,220076,1.0000,38,21,23,16,-86,-28
1,220077,1.0000,39,21,23,14,-86,-28
1,220078,1.0000,40,21,23,12,-86,-28
1,220079,1.0000,41,21,23,10,-86,-28
1,220080,1.0000,42,21,23,8,-86,-28
1,220164,0.2000,35,22,23,22,-84,-28
1,220169,0.2000,40,22,23,12,-84,-28
1,220170,0.6000,41,22,23,10,-84,-28
1,220171,0.8000,42,22,23,8,-84,-28
1,220172,0.8000,43,22,23,6,-84,-28
1,220173,0.8000,44,22,23,4,-84,-28
1,220253,1.0000,33,23,23,26,-82,-28
1,220254,0.8000,34,23,23,24,-82,-28
1,220342,0.8000,31,24,23,30,-80,-28
1,220343,0.8000,32,24,23,28,-80,-28
1,220344,0.4000,33,24,23,26,-80,-28
1,220345,0.2000,34,24,23,24,-80,-28
1,220431,0.2000,29,25,23,34,-78,-28
1,220432,0.4000,30,25,23,32,-78,-28
1,220437,0.2000,35,25,23,22,-78,-28
1,220440,0.6000,38,25,23,16,-78,-28
1,220441,0.8000,39,25,23,14,-78,-28
1,220528,0.2000,35,26,23,22,-76,-28
1,220529,0.2000,36,26,23,20,-76,-28
1,220531,0.8000,38,26,23,16,-76,-28
1,220532,0.8000,39,26,23,14,-76,-28
1,220896,0.2000,39,30,23,14,-68,-28
1,221657,1.0000,72,38,23,-52,-52,-28
1,221747,1.0000,71,39,23,-50,-50,-28
1,221838,0.8000,71,40,23,-50,-48,-28
1,229995,0.6000,38,21,24,16,-86,-26
1,229996,1.0000,39,21,24,14,-86,-26
1,230088,0.8000,40,22,24,12,-84,-26
1,230089,1.0000,41,22,24,10,-84,-26
1,230090,1.0000,42,22,24,8,-84,-26
1,230171,0.2000,32,23,24,28,-82,-26
1,230172,0.6000,33,23,24,26,-82,-26
1,230173,0.2000,34,23,24,24,-82,-26
1,230182,0.2000,43,23,24,6,-82,-26
1,230183,0.8000,44,23,24,4,-82,-26
1,230449,0.2000,37,26,24,18,-76,-26
1,230450,1.0000,38,26,24,16,-76,-26
1,230451,0.8000,39,26,24,14,-76,-26
1,230540,0.2000,37,27,24,18,-74,-26
1,230541,0.6000,38,27,24,16,-74,-26
1,230629,0.8000,35,28,24,22,-72,-26
1,230630,0.4000,36,28,24,20,-72,-26
1,230632,0.2000,38,28,24,16,-72,-26
1,230721,0.8000,36,29,24,20,-70,-26
1,231027,1.0000,69,32,24,-46,-64,-26
1,231118,1.0000,69,33,24,-46,-62,-26
1,231119,0.8000,70,33,24,-48,-62,-26
1,231209,1.0000,69,34,24,-46,-60,-26
1,231210,1.0000,70,34,24,-48,-60,-26
1,231301,0.8000,70,35,24,-48,-58,-26
1,231302,0.4000,71,35,24,-50,-58,-26
1,231484,0.6000,71,37,24,-50,-54,-26
1,231485,0.4000,72,37,24,-52,-54,-26
1,231486,0.4000,73,37,24,-54,-54,-26
1,231575,1.0000,71,38,24,-50,-52,-26
1,231576,1.0000,72,38,24,-52,-52,-26
1,231577,0.4000,73,38,24,-54,-52,-26
1,231665,0.2000,70,39,24,-48,-50,-26
1,231666,1.0000,71,39,24,-50,-50,-26
1,231667,1.0000,72,39,24,-52,-50,-26
1,239915,0.8000,39,21,25,14,-86,-24
1,239916,1.0000,40,21,25,12,-86,-24
1,240007,0.8000,40,22,25,12,-84,-24
1,240008,1.0000,41,22,25,10,-84,-24
1,240100,0.2000,42,23,25,8,-82,-24
1,240101,1.0000,43,23,25,6,-82,-24
1,240369,0.6000,38,26,25,16,-76,-24
1,240370,0.4000,39,26,25,14,-76,-24
1,240460,0.6000,38,27,25,16,-74,-24
1,240551,0.2000,38,28,25,16,-72,-24
1,241036,0.6000,68,33,25,-44,-62,-24
1,241037,1.0000,69,33,25,-46,-62,-24
1,241038,0.8000,70,33,25,-48,-62,-24
1,241128,1.0000,69,34,25,-46,-60,-24
1,241129,1.0000,70,34,25,-48,-60,-24
1,241130,0.4000,71,34,25,-50,-60,-24
1,241219,0.2000,69,35,25,-46,-58,-24
1,241220,0.8000,70,35,25,-48,-58,-24
1,241221,0.4000,71,35,25,-50,-58,-24
1,241312,0.2000,71,36,25,-50,-56,-24
1,241313,0.2000,72,36,25,-52,-56,-24
1,241403,0.2000,71,37,25,-50,-54,-24
1,241404,0.2000,72,37,25,-52,-54,-24
1,241405,0.2000,73,37,25,-54,-54,-24
1,241406,0.2000,74,37,25,-56,-54,-24
1,241494,0.4000,71,38,25,-50,-52,-24
1,241495,0.2000,72,38,25,-52,-52,-24
1,241496,0.2000,73,38,25,-54,-52,-24
1,241497,0.2000,74,38,25,-56,-52,-24
1,241587,0.2000,73,39,25,-54,-50,-24
1,249834,0.6000,39,21,26,14,-86,-22
1,249835,1.0000,40,21,26,12,-86,-22
1,249926,0.8000,40,22,26,12,-84,-22
1,249927,0.8000,41,22,26,10,-84,-22
1,250020,1.0000,43,23,26,6,-82,-22
1,250955,0.4000,68,33,26,-44,-62,-22
1,250956,1.0000,69,33,26,-46,-62,-22
1,250957,1.0000,70,33,26,-48,-62,-22
1,250958,0.2000,71,33,26,-50,-62,-22
1,251047,0.8000,69,34,26,-46,-60,-22
1,251048,1.0000,70,34,26,-48,-60,-22
1,251049,0.4000,71,34,26,-50,-60,-22
1,251234,0.2000,74,36,26,-56,-56,-22
1,251322,0.2000,71,37,26,-50,-54,-22
1,251323,0.2000,72,37,26,-52,-54,-22
1,251324,0.2000,73,37,26,-54,-54,-22
1,251413,0.2000,71,38,26,-50,-52,-22
1,251414,0.2000,72,38,26,-52,-52,-22
1,251415,0.2000,73,38,26,-54,-52,-22
1,251507,0.2000,74,39,26,-56,-50,-22
1,259681,1.0000,58,20,27,-24,-88,-20
1,259682,0.6000,59,20,27,-26,-88,-20
1,259683,0.8000,60,20,27,-28,-88,-20
1,259684,0.8000,61,20,27,-30,-88,-20
1,259845,0.2000,40,22,27,12,-84,-20
1,260199,0.2000,30,26,27,32,-76,-20
1,260303,0.2000,43,27,27,6,-74,-20
1,260393,0.6000,42,28,27,8,-72,-20
1,260394,1.0000,43,28,27,6,-72,-20
1,260692,0.2000,68,31,27,-44,-66,-20
1,260783,0.4000,68,32,27,-44,-64,-20
1,260784,0.4000,69,32,27,-46,-64,-20
1,260874,0.2000,68,33,27,-44,-62,-20
1,260875,0.6000,69,33,27,-46,-62,-20
1,260876,0.6000,70,33,27,-48,-62,-20
1,260877,0.2000,71,33,27,-50,-62,-20
1,260966,0.2000,69,34,27,-46,-60,-20
1,260967,0.2000,70,34,27,-48,-60,-20
1,260971,1.0000,74,34,27,-56,-60,-20
1,261062,0.8000,74,35,27,-56,-58,-20
1,261063,1.0000,75,35,27,-58,-58,-20
1,261153,0.2000,74,36,27,-56,-56,-20
1,261154,0.8000,75,36,27,-58,-56,-20
1,261336,0.2000,75,38,27,-58,-52,-20
1,261426,0.2000,74,39,27,-56,-50,-20
1,269416,0.2000,56,18,28,-20,-92,-18
1,269417,0.8000,57,18,28,-22,-92,-18
1,269507,1.0000,56,19,28,-20,-90,-18
1,269508,1.0000,57,19,28,-22,-90,-18
1,269509,1.0000,58,19,28,-24,-90,-18
1,269510,1.0000,59,19,28,-26,-90,-18
1,269511,1.0000,60,19,28,-28,-90,-18
1,269599,0.8000,57,20,28,-22,-88,-18
1,269600,0.6000,58,20,28,-24,-88,-18
1,269601,0.6000,59,20,28,-26,-88,-18
1,269602,1.0000,60,20,28,-28,-88,-18
1,269603,1.0000,61,20,28,-30,-88,-18
1,269604,0.6000,62,20,28,-32,-88,-18
1,269605,0.4000,63,20,28,-34,-88,-18
1,269694,0.4000,61,21,28,-30,-86,-18
1,269696,0.2000,63,21,28,-34,-86,-18
1,270610,0.2000,67,31,28,-42,-66,-18
1,270702,0.2000,68,32,28,-44,-64,-18
1,270793,0.2000,68,33,28,-44,-62,-18
1,270794,0.2000,69,33,28,-46,-62,-18
1,270799,0.6000,74,33,28,-56,-62,-18
1,270889,0.8000,73,34,28,-54,-60,-18
1,270890,1.0000,74,34,28,-56,-60,-18
1,270891,1.0000,75,34,28,-58,-60,-18
1,270981,1.0000,74,35,28,-56,-58,-18
1,270982,1.0000,75,35,28,-58,-58,-18
1,271073,0.4000,75,36,28,-58,-56,-18
1,271520,0.2000,67,41,28,-42,-46,-18
1,271528,0.4000,75,41,28,-58,-46,-18
1,271529,0.4000,76,41,28,-60,-46,-18
1,271530,1.0000,77,41,28,-62,-46,-18
1,271610,0.2000,66,42,28,-40,-44,-18
1,271618,0.2000,74,42,28,-56,-44,-18
1,271619,0.4000,75,42,28,-58,-44,-18
1,271620,0.8000,76,42,28,-60,-44,-18
1,271621,0.8000,77,42,28,-62,-44,-18
1,271706,0.2000,71,43,28,-50,-42,-18
1,271707,1.0000,72,43,28,-52,-42,-18
1,271709,0.4000,74,43,28,-56,-42,-18
1,271710,1.0000,75,43,28,-58,-42,-18
1,279338,0.2000,59,18,29,-26,-92,-16
1,279339,0.4000,60,18,29,-28,-92,-16
1,279340,0.4000,61,18,29,-30,-92,-16
1,279430,0.8000,60,19,29,-28,-90,-16
1,279431,1.0000,61,19,29,-30,-90,-16
1,279517,0.4000,56,20,29,-20,-88,-16
1,279522,1.0000,61,20,29,-30,-88,-16
1,279523,0.4000,62,20,29,-32,-88,-16
1,279616,0.4000,64,21,29,-36,-86,-16
1,279617,0.8000,65,21,29,-38,-86,-16
1,279708,0.4000,65,22,29,-38,-84,-16
1,280711,0.8000,67,33,29,-42,-62,-16
1,280712,0.4000,68,33,29,-44,-62,-16
1,280801,1.0000,66,34,29,-40,-60,-16
1,280802,1.0000,67,34,29,-42,-60,-16
1,280807,0.4000,72,34,29,-52,-60,-16
1,280808,0.6000,73,34,29,-54,-60,-16
1,280809,0.2000,74,34,29,-56,-60,-16
1,280810,0.2000,75,34,29,-58,-60,-16
1,280892,0.6000,66,35,29,-40,-58,-16
1,280898,0.2000,72,35,29,-52,-58,-16
1,280899,0.6000,73,35,29,-54,-58,-16
1,280900,0.2000,74,35,29,-56,-58,-16
1,280901,0.4000,75,35,29,-58,-58,-16
1,280983,0.4000,66,36,29,-40,-56,-16
1,281080,0.2000,72,37,29,-52,-54,-16
1,281171,0.6000,72,38,29,-52,-52,-16
1,281172,0.6000,73,38,29,-54,-52,-16
1,281262,0.2000,72,39,29,-52,-50,-16
1,281347,0.2000,66,40,29,-40,-48,-16
1,281358,0.2000,77,40,29,-62,-48,-16
1,281438,0.4000,66,41,29,-40,-46,-16
1,281439,0.2000,67,41,29,-42,-46,-16
1,281444,0.6000,72,41,29,-52,-46,-16
1,281446,0.6000,74,41,29,-56,-46,-16
1,281447,0.4000,75,41,29,-58,-46,-16
1,281448,0.8000,76,41,29,-60,-46,-16
1,281449,0.6000,77,41,29,-62,-46,-16
1,281529,0.6000,66,42,29,-40,-44,-16
1,281530,0.4000,67,42,29,-42,-44,-16
1,281534,0.8000,71,42,29,-50,-44,-16
1,281535,1.0000,72,42,29,-52,-44,-16
1,281537,1.0000,74,42,29,-56,-44,-16
1,281538,1.0000,75,42,29,-58,-44,-16
1,281539,0.8000,76,42,29,-60,-44,-16
1,281540,0.6000,77,42,29,-62,-44,-16
1,281625,1.0000,71,43,29,-50,-42,-16
1,281626,1.0000,72,43,29,-52,-42,-16
1,281628,1.0000,74,43,29,-56,-42,-16
1,281629,1.0000,75,43,29,-58,-42,-16
1,281630,0.8000,76,43,29,-60,-42,-16
1,281715,0.4000,70,44,29,-48,-40,-16
1,281720,1.0000,75,44,29,-58,-40,-16
1,289138,0.2000,31,17,30,30,-94,-14
1,289139,0.2000,32,17,30,28,-94,-14
1,289167,0.6000,60,17,30,-28,-94,-14
1,289168,1.0000,61,17,30,-30,-94,-14
1,289169,0.8000,62,17,30,-32,-94,-14
1,289170,0.2000,63,17,30,-34,-94,-14
1,289258,0.2000,60,18,30,-28,-92,-14
1,289259,0.2000,61,18,30,-30,-92,-14
1,289445,0.4000,65,20,30,-38,-88,-14
1,289535,0.2000,64,21,30,-36,-86,-14
1,289536,1.0000,65,21,30,-38,-86,-14
1,289588,0.2000,26,22,30,40,-84,-14
1,289627,0.6000,65,22,30,-38,-84,-14
1,289902,0.2000,67,25,30,-42,-78,-14
1,290629,1.0000,66,33,30,-40,-62,-14
1,290630,1.0000,67,33,30,-42,-62,-14
1,290631,0.6000,68,33,30,-44,-62,-14
1,290720,1.0000,66,34,30,-40,-60,-14
1,290721,1.0000,67,34,30,-42,-60,-14
1,290722,1.0000,68,34,30,-44,-60,-14
1,290726,0.4000,72,34,30,-52,-60,-14
1,290727,0.2000,73,34,30,-54,-60,-14
1,290811,1.0000,66,35,30,-40,-58,-14
1,290812,0.6000,67,35,30,-42,-58,-14
1,290817,0.8000,72,35,30,-52,-58,-14
1,290818,0.8000,73,35,30,-54,-58,-14
1,290902,0.2000,66,36,30,-40,-56,-14
1,290908,0.4000,72,36,30,-52,-56,-14
1,290909,0.2000,73,36,30,-54,-56,-14
1,290998,0.2000,71,37,30,-50,-54,-14
1,290999,0.6000,72,37,30,-52,-54,-14
1,291000,0.2000,73,37,30,-54,-54,-14
1,291090,0.8000,72,38,30,-52,-52,-14
1,291181,1.0000,72,39,30,-52,-50,-14
1,291272,1.0000,72,40,30,-52,-48,-14
1,291274,0.2000,74,40,30,-56,-48,-14
1,291357,0.4000,66,41,30,-40,-46,-14
1,291358,0.2000,67,41,30,-42,-46,-14
1,291362,1.0000,71,41,30,-50,-46,-14
1,291363,1.0000,72,41,30,-52,-46,-14
1,291365,0.8000,74,41,30,-56,-46,-14
1,291366,0.8000,75,41,30,-58,-46,-14
1,291367,0.8000,76,41,30,-60,-46,-14
1,291368,0.4000,77,41,30,-62,-46,-14
1,291449,0.4000,67,42,30,-42,-44,-14
1,291452,0.6000,70,42,30,-48,-44,-14
1,291453,1.0000,71,42,30,-50,-44,-14
1,291454,1.0000,72,42,30,-52,-44,-14
1,291456,1.0000,74,42,30,-56,-44,-14
1,291457,1.0000,75,42,30,-58,-44,-14
1,291458,0.8000,76,42,30,-60,-44,-14
1,291459,0.6000,77,42,30,-62,-44,-14
1,291543,0.8000,70,43,30,-48,-42,-14
1,291544,1.0000,71,43,30,-50,-42,-14
1,291547,1.0000,74,43,30,-56,-42,-14
1,291548,1.0000,75,43,30,-58,-42,-14
1,291549,1.0000,76,43,30,-60,-42,-14
1,291550,0.6000,77,43,30,-62,-42,-14
1,291639,1.0000,75,44,30,-58,-40,-14
1,291640,1.0000,76,44,30,-60,-40,-14
1,298806,0.2000,53,14,31,-14,-100,-12
1,298879,0.4000,35,15,31,22,-98,-12
1,298968,0.6000,33,16,31,26,-96,-12
1,298969,0.2000,34,16,31,24,-96,-12
1,298995,1.0000,60,16,31,-28,-96,-12
1,298996,1.0000,61,16,31,-30,-96,-12
1,299057,0.6000,31,17,31,30,-94,-12
1,299058,0.4000,32,17,31,28,-94,-12
1,299086,1.0000,60,17,31,-28,-94,-12
1,299087,1.0000,61,17,31,-30,-94,-12
1,299088,1.0000,62,17,31,-32,-94,-12
1,299089,0.2000,63,17,31,-34,-94,-12
1,299178,0.2000,61,18,31,-30,-92,-12
1,299364,0.8000,65,20,31,-38,-88,-12
1,299365,1.0000,66,20,31,-40,-88,-12
1,299417,0.2000,27,21,31,38,-86,-12
1,299455,0.4000,65,21,31,-38,-86,-12
1,299456,1.0000,66,21,31,-40,-86,-12
1,299913,0.6000,68,26,31,-44,-76,-12
1,300374,0.4000,74,31,31,-56,-66,-12
1,300548,1.0000,66,33,31,-40,-62,-12
1,300549,1.0000,67,33,31,-42,-62,-12
1,300550,0.6000,68,33,31,-44,-62,-12
1,300639,1.0000,66,34,31,-40,-60,-12
1,300640,1.0000,67,34,31,-42,-60,-12
1,300641,1.0000,68,34,31,-44,-60,-12
1,300642,0.4000,69,34,31,-46,-60,-12
1,300729,0.8000,65,35,31,-38,-58,-12
1,300730,0.8000,66,35,31,-40,-58,-12
1,300731,0.4000,67,35,31,-42,-58,-12
1,300736,0.8000,72,35,31,-52,-58,-12
1,300737,0.2000,73,35,31,-54,-58,-12
1,300827,0.4000,72,36,31,-52,-56,-12
1,300828,0.2000,73,36,31,-54,-56,-12
1,301190,0.6000,71,40,31,-50,-48,-12
1,301277,0.4000,67,41,31,-42,-46,-12
1,301280,0.4000,70,41,31,-48,-46,-12
1,301281,1.0000,71,41,31,-50,-46,-12
1,301284,0.6000,74,41,31,-56,-46,-12
1,301285,0.8000,75,41,31,-58,-46,-12
1,301286,0.6000,76,41,31,-60,-46,-12
1,301371,1.0000,70,42,31,-48,-44,-12
1,301372,1.0000,71,42,31,-50,-44,-12
1,301375,1.0000,74,42,31,-56,-44,-12
1,301376,1.0000,75,42,31,-58,-44,-12
1,301377,0.8000,76,42,31,-60,-44,-12
1,301378,0.6000,77,42,31,-62,-44,-12
1,301466,1.0000,74,43,31,-56,-42,-12
1,301467,1.0000,75,43,31,-58,-42,-12
1,301468,1.0000,76,43,31,-60,-42,-12
1,301469,0.6000,77,43,31,-62,-42,-12
1,301557,0.8000,74,44,31,-56,-40,-12
1,301558,1.0000,75,44,31,-58,-40,-12
1,301559,0.8000,76,44,31,-60,-40,-12
1,301560,0.2000,77,44,31,-62,-40,-12
1,301649,1.0000,75,45,31,-58,-38,-12
1,301650,0.2000,76,45,31,-60,-38,-12
1,308730,0.8000,58,14,32,-24,-100,-10
1,308798,0.8000,35,15,32,22,-98,-10
1,308799,0.2000,36,15,32,20,-98,-10
1,308887,0.8000,33,16,32,26,-96,-10
1,308888,0.4000,34,16,32,24,-96,-10
1,308914,1.0000,60,16,32,-28,-96,-10
1,308915,1.0000,61,16,32,-30,-96,-10
1,308975,0.6000,30,17,32,32,-94,-10
1,308976,0.8000,31,17,32,30,-94,-10
1,308977,0.8000,32,17,32,28,-94,-10
1,308978,0.2000,33,17,32,26,-94,-10
1,309005,0.8000,60,17,32,-28,-94,-10
1,309006,1.0000,61,17,32,-30,-94,-10
1,309007,1.0000,62,17,32,-32,-94,-10
1,309008,1.0000,63,17,32,-34,-94,-10
1,309191,0.2000,64,19,32,-36,-90,-10
1,309192,0.8000,65,19,32,-38,-90,-10
1,309283,1.0000,65,20,32,-38,-88,-10
1,309284,1.0000,66,20,32,-40,-88,-10
1,309375,0.4000,66,21,32,-40,-86,-10
1,309425,0.2000,25,22,32,42,-84,-10
1,310476,0.2000,75,33,32,-58,-62,-10
1,310558,0.6000,66,34,32,-40,-60,-10
1,310559,0.8000,67,34,32,-42,-60,-10
1,310560,0.8000,68,34,32,-44,-60,-10
1,310648,0.4000,65,35,32,-38,-58,-10
1,310649,0.2000,66,35,32,-40,-58,-10
1,311199,0.6000,70,41,32,-48,-46,-10
1,311204,0.4000,75,41,32,-58,-46,-10
1,311205,0.2000,76,41,32,-60,-46,-10
1,311294,0.4000,74,42,32,-56,-44,-10
1,311295,1.0000,75,42,32,-58,-44,-10
1,311296,0.6000,76,42,32,-60,-44,-10
1,311384,0.4000,73,43,32,-54,-42,-10
1,311385,1.0000,74,43,32,-56,-42,-10
1,311386,1.0000,75,43,32,-58,-42,-10
1,311387,0.8000,76,43,32,-60,-42,-10
1,311388,0.4000,77,43,32,-62,-42,-10
1,311476,0.4000,74,44,32,-56,-40,-10
1,311477,0.8000,75,44,32,-58,-40,-10
1,311478,0.6000,76,44,32,-60,-40,-10
1,318648,0.8000,57,14,33,-22,-100,-8
1,318649,1.0000,58,14,33,-24,-100,-8
1,318717,0.8000,35,15,33,22,-98,-8
1,318718,0.4000,36,15,33,20,-98,-8
1,318806,0.8000,33,16,33,26,-96,-8
1,318807,0.8000,34,16,33,24,-96,-8
1,318894,0.8000,30,17,33,32,-94,-8
1,318895,0.8000,31,17,33,30,-94,-8
1,318896,0.6000,32,17,33,28,-94,-8
1,318897,0.6000,33,17,33,26,-94,-8
1,318925,0.2000,61,17,33,-30,-94,-8
1,318926,1.0000,62,17,33,-32,-94,-8
1,318927,1.0000,63,17,33,-34,-94,-8
1,319019,0.8000,64,18,33,-36,-92,-8
1,319110,0.2000,64,19,33,-36,-90,-8
1,319111,1.0000,65,19,33,-38,-90,-8
1,319202,0.6000,65,20,33,-38,-88,-8
1,319203,1.0000,66,20,33,-40,-88,-8
1,319344,0.2000,25,22,33,42,-84,-8
1,320211,0.2000,73,31,33,-54,-66,-8
1,320303,0.2000,74,32,33,-56,-64,-8
1,320395,0.8000,75,33,33,-58,-62,-8
1,320478,0.4000,67,34,33,-42,-60,-8
1,320479,0.6000,68,34,33,-44,-60,-8
1,320486,0.2000,75,34,33,-58,-60,-8
1,320567,0.2000,65,35,33,-38,-58,-8
1,320569,0.2000,67,35,33,-42,-58,-8
1,321304,0.2000,74,43,33,-56,-42,-8
1,321305,0.4000,75,43,33,-58,-42,-8
1,328567,1.0000,57,14,34,-22,-100,-6
1,328568,1.0000,58,14,34,-24,-100,-6
1,328636,1.0000,35,15,34,22,-98,-6
1,328725,1.0000,33,16,34,26,-96,-6
1,328726,1.0000,34,16,34,24,-96,-6
1,328814,0.8000,31,17,34,30,-94,-6
1,328815,0.4000,32,17,34,28,-94,-6
1,328845,0.8000,62,17,34,-32,-94,-6
1,328846,1.0000,63,17,34,-34,-94,-6
1,328938,0.8000,64,18,34,-36,-92,-6
1,329030,1.0000,65,19,34,-38,-90,-6
1,329122,1.0000,66,20,34,-40,-88,-6
1,329172,0.2000,25,21,34,42,-86,-6
1,329263,0.2000,25,22,34,42,-84,-6
1,330222,0.2000,74,32,34,-56,-64,-6
1,330313,0.2000,74,33,34,-56,-62,-6
1,330314,1.0000,75,33,34,-58,-62,-6
1,330405,0.4000,75,34,34,-58,-60,-6
1,331223,0.2000,74,43,34,-56,-42,-6
1,331501,0.2000,79,46,34,-66,-36,-6
1,334039,0.2000,69,74,34,-46,20,-6
1,334040,0.8000,70,74,34,-48,20,-6
1,334041,0.2000,71,74,34,-50,20,-6
1,334129,0.4000,68,75,34,-44,22,-6
1,334130,0.8000,69,75,34,-46,22,-6
1,334131,1.0000,70,75,34,-48,22,-6
1,334132,0.4000,71,75,34,-50,22,-6
1,334222,0.2000,70,76,34,-48,24,-6
1,334493,0.2000,68,79,34,-44,30,-6
1,338485,0.6000,56,14,35,-20,-100,-4
1,338486,1.0000,57,14,35,-22,-100,-4
1,338554,1.0000,34,15,35,24,-98,-4
1,338644,1.0000,33,16,35,26,-96,-4
1,338645,0.6000,34,16,35,24,-96,-4
1,338733,1.0000,31,17,35,30,-94,-4
1,338734,0.4000,32,17,35,28,-94,-4
1,338764,0.4000,62,17,35,-32,-94,-4
1,338820,0.2000,27,18,35,38,-92,-4
1,338821,0.2000,28,18,35,36,-92,-4
1,338857,1.0000,64,18,35,-36,-92,-4
1,338911,0.2000,27,19,35,38,-90,-4
1,338949,1.0000,65,19,35,-38,-90,-4
1,339041,0.8000,66,20,35,-40,-88,-4
1,340140,0.2000,73,32,35,-54,-64,-4
1,340141,0.4000,74,32,35,-56,-64,-4
1,340232,0.2000,74,33,35,-56,-62,-4
1,340233,1.0000,75,33,35,-58,-62,-4
1,341141,0.2000,73,43,35,-54,-42,-4
1,341142,0.2000,74,43,35,-56,-42,-4
1,341143,0.4000,75,43,35,-58,-42,-4
1,341148,0.2000,80,43,35,-68,-42,-4
1,341233,0.2000,74,44,35,-56,-40,-4
1,341234,0.2000,75,44,35,-58,-40,-4
1,341238,0.4000,79,44,35,-66,-40,-4
1,341239,0.4000,80,44,35,-68,-40,-4
1,341328,0.2000,78,45,35,-64,-38,-4
1,341329,0.6000,79,45,35,-66,-38,-4
1,341419,0.8000,78,46,35,-64,-36,-4
1,341420,1.0000,79,46,35,-66,-36,-4
1,343869,0.4000,71,73,35,-50,18,-4
1,343870,0.2000,72,73,35,-52,18,-4
1,343959,1.0000,70,74,35,-48,20,-4
1,343960,1.0000,71,74,35,-50,20,-4
1,344049,1.0000,69,75,35,-46,22,-4
1,344050,1.0000,70,75,35,-48,22,-4
1,344051,0.8000,71,75,35,-50,22,-4
1,344139,0.4000,68,76,35,-44,24,-4
1,344140,0.2000,69,76,35,-46,24,-4
1,344141,0.2000,70,76,35,-48,24,-4
1,348404,0.8000,56,14,36,-20,-100,-2
1,348473,0.8000,34,15,36,24,-98,-2
1,348562,1.0000,32,16,36,28,-96,-2
1,348563,0.8000,33,16,36,26,-96,-2
1,348564,0.2000,34,16,36,24,-96,-2
1,348652,1.0000,31,17,36,30,-94,-2
1,348653,0.4000,32,17,36,28,-94,-2
1,348740,0.8000,28,18,36,36,-92,-2
1,348741,0.4000,29,18,36,34,-92,-2
1,348742,0.6000,30,18,36,32,-92,-2
1,348743,0.6000,31,18,36,30,-92,-2
1,348775,0.2000,63,18,36,-34,-92,-2
1,348830,0.8000,27,19,36,38,-90,-2
1,350520,0.4000,79,37,36,-66,-54,-2
1,350611,0.6000,79,38,36,-66,-52,-2
1,350702,0.2000,79,39,36,-66,-50,-2
1,350976,0.2000,80,42,36,-68,-44,-2
1,351060,0.4000,73,43,36,-54,-42,-2
1,351061,0.4000,74,43,36,-56,-42,-2
1,351062,0.6000,75,43,36,-58,-42,-2
1,351063,0.2000,76,43,36,-60,-42,-2
1,351066,1.0000,79,43,36,-66,-42,-2
1,351067,0.8000,80,43,36,-68,-42,-2
1,351152,0.2000,74,44,36,-56,-40,-2
1,351153,0.2000,75,44,36,-58,-40,-2
1,351154,0.4000,76,44,36,-60,-40,-2
1,351155,0.4000,77,44,36,-62,-40,-2
1,351156,0.6000,78,44,36,-64,-40,-2
1,351157,1.0000,79,44,36,-66,-40,-2
1,351158,1.0000,80,44,36,-68,-40,-2
1,351245,0.4000,76,45,36,-60,-38,-2
1,351246,0.4000,77,45,36,-62,-38,-2
1,351247,1.0000,78,45,36,-64,-38,-2
1,351248,1.0000,79,45,36,-66,-38,-2
1,351338,1.0000,78,46,36,-64,-36,-2
1,353788,1.0000,71,73,36,-50,18,-2
1,353789,0.2000,72,73,36,-52,18,-2
1,353878,1.0000,70,74,36,-48,20,-2
1,353879,1.0000,71,74,36,-50,20,-2
1,353880,0.4000,72,74,36,-52,20,-2
1,353968,1.0000,69,75,36,-46,22,-2
1,353969,1.0000,70,75,36,-48,22,-2
1,353970,1.0000,71,75,36,-50,22,-2
1,354058,0.4000,68,76,36,-44,24,-2
1,354059,0.2000,69,76,36,-46,24,-2
1,358391,1.0000,33,15,37,26,-98,0
1,358392,1.0000,34,15,37,24,-98,0
1,358481,1.0000,32,16,37,28,-96,0
1,358482,0.8000,33,16,37,26,-96,0
1,358483,0.2000,34,16,37,24,-96,0
1,358571,0.8000,31,17,37,30,-94,0
1,358572,0.6000,32,17,37,28,-94,0
1,358659,1.0000,28,18,37,36,-92,0
1,358660,1.0000,29,18,37,34,-92,0
1,358661,0.8000,30,18,37,32,-92,0
1,358662,0.4000,31,18,37,30,-92,0
1,358750,0.4000,28,19,37,36,-90,0
1,360163,0.2000,76,34,37,-60,-60,0
1,360255,0.4000,77,35,37,-62,-58,0
1,360347,0.2000,78,36,37,-64,-56,0
1,360439,0.4000,79,37,37,-66,-54,0
1,360530,0.8000,79,38,37,-66,-52,0
1,360984,0.4000,78,43,37,-64,-42,0
1,360985,0.6000,79,43,37,-66,-42,0
1,360986,1.0000,80,43,37,-68,-42,0
1,361071,0.2000,74,44,37,-56,-40,0
1,361073,0.4000,76,44,37,-60,-40,0
1,361074,0.4000,77,44,37,-62,-40,0
1,361075,0.8000,78,44,37,-64,-40,0
1,361076,1.0000,79,44,37,-66,-40,0
1,361162,0.6000,74,45,37,-56,-38,0
1,361163,0.6000,75,45,37,-58,-38,0
1,361164,0.6000,76,45,37,-60,-38,0
1,361165,0.8000,77,45,37,-62,-38,0
1,361166,1.0000,78,45,37,-64,-38,0
1,361167,1.0000,79,45,37,-66,-38,0
1,361255,0.6000,76,46,37,-60,-36,0
1,361256,0.8000,77,46,37,-62,-36,0
1,361257,1.0000,78,46,37,-64,-36,0
1,363707,1.0000,71,73,37,-50,18,0
1,363708,0.6000,72,73,37,-52,18,0
1,363709,0.4000,73,73,37,-54,18,0
1,363797,1.0000,70,74,37,-48,20,0
1,363798,1.0000,71,74,37,-50,20,0
1,363799,0.4000,72,74,37,-52,20,0
1,363886,1.0000,68,75,37,-44,22,0
1,363887,1.0000,69,75,37,-46,22,0
1,363888,1.0000,70,75,37,-48,22,0
1,363889,0.6000,71,75,37,-50,22,0
1,363977,0.4000,68,76,37,-44,24,0
1,363978,0.2000,69,76,37,-46,24,0
1,364794,0.2000,66,85,37,-40,42,0
1,364795,0.2000,67,85,37,-42,42,0
1,368310,1.0000,33,15,38,26,-98,2
1,368311,1.0000,34,15,38,24,-98,2
1,368400,1.0000,32,16,38,28,-96,2
1,368401,1.0000,33,16,38,26,-96,2
1,368402,0.2000,34,16,38,24,-96,2
1,368489,1.0000,30,17,38,32,-94,2
1,368490,1.0000,31,17,38,30,-94,2
1,368491,0.8000,32,17,38,28,-94,2
1,368579,1.0000,29,18,38,34,-92,2
1,368580,0.6000,30,18,38,32,-92,2
1,368581,0.4000,31,18,38,30,-92,2
1,370081,0.2000,75,34,38,-58,-60,2
1,370082,0.4000,76,34,38,-60,-60,2
1,370174,0.4000,77,35,38,-62,-58,2
1,370266,0.6000,78,36,38,-64,-56,2
1,370357,0.6000,78,37,38,-64,-54,2
1,370358,0.6000,79,37,38,-66,-54,2
1,370448,0.2000,78,38,38,-64,-52,2
1,370449,0.6000,79,38,38,-66,-52,2
1,370814,0.2000,80,42,38,-68,-44,2
1,370903,0.2000,78,43,38,-64,-42,2
1,370904,0.6000,79,43,38,-66,-42,2
1,370992,0.6000,76,44,38,-60,-40,2
1,370993,0.6000,77,44,38,-62,-40,2
1,370994,0.6000,78,44,38,-64,-40,2
1,370995,1.0000,79,44,38,-66,-40,2
1,371082,0.6000,75,45,38,-58,-38,2
1,371083,1.0000,76,45,38,-60,-38,2
1,371084,0.8000,77,45,38,-62,-38,2
1,371085,1.0000,78,45,38,-64,-38,2
1,371174,0.8000,76,46,38,-60,-36,2
1,371175,0.8000,77,46,38,-62,-36,2
1,373627,0.6000,72,73,38,-52,18,2
1,373716,0.8000,70,74,38,-48,20,2
1,373717,0.4000,71,74,38,-50,20,2
1,373719,0.2000,73,74,38,-54,20,2
1,373720,0.4000,74,74,38,-56,20,2
1,373805,0.8000,68,75,38,-44,22,2
1,373806,0.8000,69,75,38,-46,22,2
1,373807,0.4000,70,75,38,-48,22,2
1,373810,0.2000,73,75,38,-54,22,2
1,373811,0.4000,74,75,38,-56,22,2
1,373896,0.2000,68,76,38,-44,24,2
1,373902,0.6000,74,76,38,-56,24,2
1,374719,0.4000,72,85,38,-52,42,2
1,374809,0.4000,71,86,38,-50,44,2
1,374899,0.6000,70,87,38,-48,46,2
1,378229,1.0000,33,15,39,26,-98,4
1,378230,1.0000,34,15,39,24,-98,4
1,378319,1.0000,32,16,39,28,-96,4
1,378320,1.0000,33,16,39,26,-96,4
1,378321,0.4000,34,16,39,24,-96,4
1,378409,1.0000,31,17,39,30,-94,4
1,378410,0.8000,32,17,39,28,-94,4
1,378411,0.2000,33,17,39,26,-94,4
1,378499,0.4000,30,18,39,32,-92,4
1,380001,0.2000,76,34,39,-60,-60,4
1,380002,0.4000,77,34,39,-62,-60,4
1,380093,0.8000,77,35,39,-62,-58,4
1,380184,0.2000,77,36,39,-62,-56,4
1,380185,0.6000,78,36,39,-64,-56,4
1,380276,0.8000,78,37,39,-64,-54,4
1,380277,0.8000,79,37,39,-66,-54,4
1,380367,0.6000,78,38,39,-64,-52,4
1,380368,1.0000,79,38,39,-66,-52,4
1,380459,0.6000,79,39,39,-66,-50,4
1,380823,0.2000,79,43,39,-66,-42,4
1,380911,0.2000,76,44,39,-60,-40,4
1,380912,0.6000,77,44,39,-62,-40,4
1,380913,0.4000,78,44,39,-64,-40,4
1,380914,0.8000,79,44,39,-66,-40,4
1,381001,0.4000,75,45,39,-58,-38,4
1,381002,0.8000,76,45,39,-60,-38,4
1,381003,0.8000,77,45,39,-62,-38,4
1,381004,1.0000,78,45,39,-64,-38,4
1,383635,0.4000,70,74,39,-48,20,4
1,383637,0.2000,72,74,39,-52,20,4
1,383638,0.6000,73,74,39,-54,20,4
1,383724,0.6000,68,75,39,-44,22,4
1,383725,0.4000,69,75,39,-46,22,4
1,383726,0.2000,70,75,39,-48,22,4
1,383728,0.6000,72,75,39,-52,22,4
1,383729,0.8000,73,75,39,-54,22,4
1,383730,0.8000,74,75,39,-56,22,4
1,383815,0.2000,68,76,39,-44,24,4
1,383821,0.2000,74,76,39,-56,24,4
1,383905,0.2000,67,77,39,-42,26,4
1,384816,0.4000,68,87,39,-44,46,4
1,384817,0.4000,69,87,39,-46,46,4
1,384818,0.6000,70,87,39,-48,46,4
1,384908,0.2000,69,88,39,-46,48,4
1,390012,0.2000,77,35,40,-62,-58,6
1,390013,0.8000,78,35,40,-64,-58,6
1,390103,0.2000,77,36,40,-62,-56,6
1,390104,0.8000,78,36,40,-64,-56,6
1,390194,0.2000,77,37,40,-62,-54,6
1,390195,1.0000,78,37,40,-64,-54,6
1,390196,1.0000,79,37,40,-66,-54,6
1,390286,0.6000,78,38,40,-64,-52,6
1,390287,1.0000,79,38,40,-66,-52,6
1,390377,0.6000,78,39,40,-64,-50,6
1,390378,0.6000,79,39,40,-66,-50,6
1,390830,0.2000,76,44,40,-60,-40,6
1,390831,0.2000,77,44,40,-62,-40,6
1,390832,0.4000,78,44,40,-64,-40,6
1,393646,0.2000,71,75,40,-50,22,6
1,393647,0.4000,72,75,40,-52,22,6
1,393648,0.2000,73,75,40,-54,22,6
1,393649,0.2000,74,75,40,-56,22,6
1,393738,0.2000,72,76,40,-52,24,6
1,393915,0.2000,67,78,40,-42,28,6
1,394008,0.2000,69,79,40,-46,30,6
1,394009,0.2000,70,79,40,-48,30,6
1,394735,0.2000,68,87,40,-44,46,6
1,394736,0.4000,69,87,40,-46,46,6
1,399932,0.4000,78,35,41,-64,-58,8
1,400023,0.8000,78,36,41,-64,-56,8
1,400113,0.2000,77,37,41,-62,-54,8
1,400114,1.0000,78,37,41,-64,-54,8
1,400115,1.0000,79,37,41,-66,-54,8
1,400205,1.0000,78,38,41,-64,-52,8
1,400206,1.0000,79,38,41,-66,-52,8
1,400296,0.4000,78,39,41,-64,-50,8
1,400297,0.2000,79,39,41,-66,-50,8
1,403202,0.2000,72,71,41,-52,14,8
1,403565,0.2000,71,75,41,-50,22,8
1,403566,0.4000,72,75,41,-52,22,8
1,403657,0.2000,72,76,41,-52,24,8
1,403837,0.4000,70,78,41,-48,28,8
1,403838,0.4000,71,78,41,-50,28,8
1,403928,0.2000,70,79,41,-48,30,8
1,403929,0.6000,71,79,41,-50,30,8
1,403930,0.4000,72,79,41,-52,30,8
1,404195,0.2000,64,82,41,-36,36,8
1,404286,0.2000,64,83,41,-36,38,8
1,404562,0.4000,67,86,41,-42,44,8
1,404654,0.2000,68,87,41,-44,46,8
1,404655,0.2000,69,87,41,-46,46,8
1,409664,0.8000,73,33,42,-54,-62,10
1,409665,0.2000,74,33,42,-56,-62,10
1,409942,0.8000,78,36,42,-64,-56,10
1,410033,1.0000,78,37,42,-64,-54,10
1,410124,1.0000,78,38,42,-64,-52,10
1,410215,0.4000,78,39,42,-64,-50,10
1,412845,0.2000,69,68,42,-46,8,10
1,412936,0.6000,69,69,42,-46,10,10
1,412937,0.2000,70,69,42,-48,10,10
1,413027,0.2000,69,70,42,-46,12,10
1,413028,0.2000,70,70,42,-48,12,10
1,413029,0.2000,71,70,42,-50,12,10
1,413119,0.2000,70,71,42,-48,14,10
1,413575,0.2000,71,76,42,-50,24,10
1,413576,0.2000,72,76,42,-52,24,10
1,413666,0.4000,71,77,42,-50,26,10
1,413756,0.2000,70,78,42,-48,28,10
1,413757,0.6000,71,78,42,-50,28,10
1,413758,0.2000,72,78,42,-52,28,10
1,413848,0.2000,71,79,42,-50,30,10
1,413849,0.6000,72,79,42,-52,30,10
1,413850,0.2000,73,79,42,-54,30,10
1,413940,0.6000,72,80,42,-52,32,10
1,413941,0.4000,73,80,42,-54,32,10
1,414114,0.8000,64,82,42,-36,36,10
1,414115,0.2000,65,82,42,-38,36,10
1,414205,0.8000,64,83,42,-36,38,10
1,414206,0.8000,65,83,42,-38,38,10
1,414207,0.8000,66,83,42,-40,38,10
1,414215,0.6000,74,83,42,-56,38,10
1,414296,0.6000,64,84,42,-36,40,10
1,414297,0.4000,65,84,42,-38,40,10
1,414298,0.6000,66,84,42,-40,40,10
1,414305,0.2000,73,84,42,-54,40,10
1,414390,0.2000,67,85,42,-42,42,10
1,414391,0.2000,68,85,42,-44,42,10
1,414482,0.4000,68,86,42,-44,44,10
1,414573,0.2000,68,87,42,-44,46,10
1,419490,0.6000,71,32,43,-50,-64,12
1,419580,0.2000,70,33,43,-48,-62,12
1,419581,1.0000,71,33,43,-50,-62,12
1,419584,0.6000,74,33,43,-56,-62,12
1,419861,0.4000,78,36,43,-64,-56,12
1,419952,1.0000,78,37,43,-64,-54,12
1,420042,0.2000,77,38,43,-62,-52,12
1,420043,1.0000,78,38,43,-64,-52,12
1,422764,0.2000,69,68,43,-46,8,12
1,422768,0.2000,73,68,43,-54,8,12
1,422855,0.2000,69,69,43,-46,10,12
1,422856,0.2000,70,69,43,-48,10,12
1,422857,0.2000,71,69,43,-50,10,12
1,422946,0.2000,69,70,43,-46,12,12
1,422947,0.6000,70,70,43,-48,12,12
1,422948,0.2000,71,70,43,-50,12,12
1,423676,0.2000,71,78,43,-50,28,12
1,423771,0.2000,75,79,43,-58,30,12
1,423862,1.0000,75,80,43,-58,32,12
1,423952,0.2000,74,81,43,-56,34,12
1,424033,1.0000,64,82,43,-36,36,12
1,424034,1.0000,65,82,43,-38,36,12
1,424035,0.6000,66,82,43,-40,36,12
1,424043,1.0000,74,82,43,-56,36,12
1,424124,1.0000,64,83,43,-36,38,12
1,424125,1.0000,65,83,43,-38,38,12
1,424126,1.0000,66,83,43,-40,38,12
1,424127,1.0000,67,83,43,-42,38,12
1,424128,0.4000,68,83,43,-44,38,12
1,424129,0.6000,69,83,43,-46,38,12
1,424130,1.0000,70,83,43,-48,38,12
1,424131,0.8000,71,83,43,-50,38,12
1,424132,0.4000,72,83,43,-52,38,12
1,424133,0.8000,73,83,43,-54,38,12
1,424217,0.6000,66,84,43,-40,40,12
1,424218,0.8000,67,84,43,-42,40,12
1,424219,0.6000,68,84,43,-44,40,12
1,424220,0.8000,69,84,43,-46,40,12
1,424221,0.8000,70,84,43,-48,40,12
1,424222,0.8000,71,84,43,-50,40,12
1,424223,0.6000,72,84,43,-52,40,12
1,424224,1.0000,73,84,43,-54,40,12
1,424310,1.0000,68,85,43,-44,42,12
1,424311,0.8000,69,85,43,-46,42,12
1,424314,0.4000,72,85,43,-52,42,12
1,424401,1.0000,68,86,43,-44,44,12
1,424402,0.8000,69,86,43,-46,44,12
1,424403,0.2000,70,86,43,-48,44,12
1,429044,0.2000,70,28,44,-48,-72,14
1,429319,0.2000,72,31,44,-52,-66,14
1,429320,0.2000,73,31,44,-54,-66,14
1,429409,0.6000,71,32,44,-50,-64,14
1,429410,0.6000,72,32,44,-52,-64,14
1,429500,1.0000,71,33,44,-50,-62,14
1,429501,1.0000,72,33,44,-52,-62,14
1,429591,1.0000,71,34,44,-50,-60,14
1,429592,1.0000,72,34,44,-52,-60,14
1,432687,0.2000,73,68,44,-54,8,14
1,432774,0.2000,69,69,44,-46,10,14
1,432775,0.2000,70,69,44,-48,10,14
1,432866,0.4000,70,70,44,-48,12,14
1,432867,0.2000,71,70,44,-50,12,14
1,433780,0.4000,74,80,44,-56,32,14
1,433860,0.4000,63,81,44,-34,34,14
1,433861,0.4000,64,81,44,-36,34,14
1,433862,0.2000,65,81,44,-38,34,14
1,433871,1.0000,74,81,44,-56,34,14
1,433952,1.0000,64,82,44,-36,36,14
1,433953,1.0000,65,82,44,-38,36,14
1,433954,0.8000,66,82,44,-40,36,14
1,433955,0.4000,67,82,44,-42,36,14
1,433958,0.2000,70,82,44,-48,36,14
1,433959,0.4000,71,82,44,-50,36,14
1,433960,0.6000,72,82,44,-52,36,14
1,433961,1.0000,73,82,44,-54,36,14
1,434044,0.8000,65,83,44,-38,38,14
1,434045,0.8000,66,83,44,-40,38,14
1,434046,0.8000,67,83,44,-42,38,14
1,434047,0.4000,68,83,44,-44,38,14
1,434048,0.8000,69,83,44,-46,38,14
1,434049,1.0000,70,83,44,-48,38,14
1,434050,1.0000,71,83,44,-50,38,14
1,434051,1.0000,72,83,44,-52,38,14
1,434052,1.0000,73,83,44,-54,38,14
1,434137,0.6000,67,84,44,-42,40,14
1,434138,0.4000,68,84,44,-44,40,14
1,434139,0.6000,69,84,44,-46,40,14
1,434140,0.8000,70,84,44,-48,40,14
1,434141,1.0000,71,84,44,-50,40,14
1,434142,1.0000,72,84,44,-52,40,14
1,434229,1.0000,68,85,44,-44,42,14
1,434230,0.6000,69,85,44,-46,42,14
1,434231,0.4000,70,85,44,-48,42,14
1,434232,0.2000,71,85,44,-50,42,14
1,434321,1.0000,69,86,44,-46,44,14
1,438871,0.8000,69,27,45,-46,-74,16
1,438872,0.4000,70,27,45,-48,-74,16
1,438873,0.4000,71,27,45,-50,-74,16
1,438961,0.6000,68,28,45,-44,-72,16
1,438962,1.0000,69,28,45,-46,-72,16
1,438963,0.4000,70,28,45,-48,-72,16
1,439419,0.2000,71,33,45,-50,-62,16
1,439420,0.8000,72,33,45,-52,-62,16
1,439510,0.6000,71,34,45,-50,-60,16
1,439698,0.2000,77,36,45,-62,-56,16
1,439789,0.2000,77,37,45,-62,-54,16
1,439879,0.2000,76,38,45,-60,-52,16
1,442604,0.4000,71,68,45,-50,8,16
1,442605,0.4000,72,68,45,-52,8,16
1,442606,0.2000,73,68,45,-54,8,16
1,442607,0.2000,74,68,45,-56,8,16
1,442608,0.4000,75,68,45,-58,8,16
1,442699,0.2000,75,69,45,-58,10,16
1,442971,0.2000,74,72,45,-56,16,16
1,443062,0.2000,74,73,45,-56,18,16
1,443152,0.2000,73,74,45,-54,20,16
1,443243,0.4000,73,75,45,-54,22,16
1,443688,0.2000,63,80,45,-34,32,16
1,443699,0.6000,74,80,45,-56,32,16
1,443780,0.6000,64,81,45,-36,34,16
1,443781,0.2000,65,81,45,-38,34,16
1,443789,0.4000,73,81,45,-54,34,16
1,443871,0.8000,64,82,45,-36,36,16
1,443872,0.8000,65,82,45,-38,36,16
1,443873,0.4000,66,82,45,-40,36,16
1,443874,0.2000,67,82,45,-42,36,16
1,443878,0.2000,71,82,45,-50,36,16
1,443879,0.8000,72,82,45,-52,36,16
1,443880,1.0000,73,82,45,-54,36,16
1,443964,0.8000,66,83,45,-40,38,16
1,443965,0.4000,67,83,45,-42,38,16
1,443969,0.4000,71,83,45,-50,38,16
1,443970,0.6000,72,83,45,-52,38,16
1,448701,0.2000,71,26,46,-50,-76,18
1,448789,0.2000,68,27,46,-44,-74,18
1,448790,0.4000,69,27,46,-46,-74,18
1,448791,0.4000,70,27,46,-48,-74,18
1,448792,0.2000,71,27,46,-50,-74,18
1,448793,0.6000,72,27,46,-52,-74,18
1,448880,0.4000,68,28,46,-44,-72,18
1,448881,0.6000,69,28,46,-46,-72,18
1,448882,0.2000,70,28,46,-48,-72,18
1,448883,0.2000,71,28,46,-50,-72,18
1,448884,0.2000,72,28,46,-52,-72,18
1,448976,0.2000,73,29,46,-54,-70,18
1,449343,0.8000,76,33,46,-60,-62,18
1,449429,0.2000,71,34,46,-50,-60,18
1,449434,0.8000,76,34,46,-60,-60,18
1,449525,0.6000,76,35,46,-60,-58,18
1,449526,0.2000,77,35,46,-62,-58,18
1,449616,0.4000,76,36,46,-60,-56,18
1,449617,0.2000,77,36,46,-62,-56,18
1,449707,0.2000,76,37,46,-60,-54,18
1,449708,0.6000,77,37,46,-62,-54,18
1,449798,0.4000,76,38,46,-60,-52,18
1,449888,0.4000,75,39,46,-58,-50,18
1,452432,0.2000,71,67,46,-50,6,18
1,452433,0.4000,72,67,46,-52,6,18
1,452434,0.2000,73,67,46,-54,6,18
1,452436,0.8000,75,67,46,-58,6,18
1,452523,0.2000,71,68,46,-50,8,18
1,452524,0.2000,72,68,46,-52,8,18
1,452526,0.4000,74,68,46,-56,8,18
1,452527,0.6000,75,68,46,-58,8,18
1,452618,0.2000,75,69,46,-58,10,18
1,452800,0.2000,75,71,46,-58,14,18
1,452890,0.2000,74,72,46,-56,16,18
1,452980,0.2000,73,73,46,-54,18,18
1,452981,0.4000,74,73,46,-56,18,18
1,453071,0.6000,73,74,46,-54,20,18
1,453072,0.2000,74,74,46,-56,20,18
1,453607,0.4000,63,80,46,-34,32,18
1,453699,0.6000,64,81,46,-36,34,18
1,453700,0.2000,65,81,46,-38,34,18
1,453791,0.8000,65,82,46,-38,36,18
1,453792,0.2000,66,82,46,-40,36,18
1,453799,1.0000,73,82,46,-54,36,18
1,453883,0.4000,66,83,46,-40,38,18
1,458707,0.2000,67,27,47,-42,-74,20
1,458708,0.2000,68,27,47,-44,-74,20
1,458709,0.2000,69,27,47,-46,-74,20
1,458711,0.4000,71,27,47,-50,-74,20
1,458712,0.2000,72,27,47,-52,-74,20
1,458799,0.2000,68,28,47,-44,-72,20
1,458800,0.2000,69,28,47,-46,-72,20
1,458801,0.2000,70,28,47,-48,-72,20
1,458803,0.4000,72,28,47,-52,-72,20
1,459261,0.2000,75,33,47,-58,-62,20
1,459262,1.0000,76,33,47,-60,-62,20
1,459352,0.2000,75,34,47,-58,-60,20
1,459353,1.0000,76,34,47,-60,-60,20
1,459432,0.2000,64,35,47,-36,-58,20
1,459444,0.8000,76,35,47,-60,-58,20
1,459535,0.8000,76,36,47,-60,-56,20
1,459536,1.0000,77,36,47,-62,-56,20
1,459626,0.8000,76,37,47,-60,-54,20
1,459627,1.0000,77,37,47,-62,-54,20
1,459717,0.4000,76,38,47,-60,-52,20
1,462261,0.4000,72,66,47,-52,4,20
1,462262,0.6000,73,66,47,-54,4,20
1,462263,1.0000,74,66,47,-56,4,20
1,462264,1.0000,75,66,47,-58,4,20
1,462351,0.2000,71,67,47,-50,6,20
1,462352,0.2000,72,67,47,-52,6,20
1,462354,0.6000,74,67,47,-56,6,20
1,462355,1.0000,75,67,47,-58,6,20
1,462445,0.4000,74,68,47,-56,8,20
1,462446,0.8000,75,68,47,-58,8,20
1,462526,0.6000,64,69,47,-36,10,20
1,462527,0.2000,65,69,47,-38,10,20
1,462537,0.4000,75,69,47,-58,10,20
1,462538,0.2000,76,69,47,-60,10,20
1,462618,0.4000,65,70,47,-38,12,20
1,462619,0.6000,66,70,47,-40,12,20
1,462620,0.4000,67,70,47,-42,12,20
1,462628,0.2000,75,70,47,-58,12,20
1,462710,0.2000,66,71,47,-40,14,20
1,462711,0.2000,67,71,47,-42,14,20
1,462718,0.4000,74,71,47,-56,14,20
1,462719,0.4000,75,71,47,-58,14,20
1,462808,0.2000,73,72,47,-54,16,20
1,462809,0.6000,74,72,47,-56,16,20
1,462899,0.6000,73,73,47,-54,18,20
1,462900,0.6000,74,73,47,-56,18,20
1,468534,0.2000,66,26,48,-40,-76,22
1,468535,0.2000,67,26,48,-42,-76,22
1,468624,0.2000,65,27,48,-38,-74,22
1,468625,0.2000,66,27,48,-40,-74,22
1,468626,0.2000,67,27,48,-42,-74,22
1,468627,0.2000,68,27,48,-44,-74,22
1,468630,0.2000,71,27,48,-50,-74,22
1,468631,0.2000,72,27,48,-52,-74,22
1,468715,0.2000,65,28,48,-38,-72,22
1,468718,0.2000,68,28,48,-44,-72,22
1,468719,0.2000,69,28,48,-46,-72,22
1,468723,0.2000,73,28,48,-54,-72,22
1,469089,0.4000,75,32,48,-58,-64,22
1,469169,0.2000,64,33,48,-36,-62,22
1,469170,0.2000,65,33,48,-38,-62,22
1,469180,1.0000,75,33,48,-58,-62,22
1,469181,1.0000,76,33,48,-60,-62,22
1,469260,0.4000,64,34,48,-36,-60,22
1,469261,0.2000,65,34,48,-38,-60,22
1,469271,0.6000,75,34,48,-58,-60,22
1,469272,1.0000,76,34,48,-60,-60,22
1,469351,0.4000,64,35,48,-36,-58,22
1,469352,0.4000,65,35,48,-38,-58,22
1,469353,0.2000,66,35,48,-40,-58,22
1,469363,1.0000,76,35,48,-60,-58,22
1,469443,0.2000,65,36,48,-38,-56,22
1,469454,0.8000,76,36,48,-60,-56,22
1,469455,1.0000,77,36,48,-62,-56,22
1,469545,0.2000,76,37,48,-60,-54,22
1,469546,0.8000,77,37,48,-62,-54,22
1,472181,0.2000,73,66,48,-54,4,22
1,472182,1.0000,74,66,48,-56,4,22
1,472183,1.0000,75,66,48,-58,4,22
1,472263,0.8000,64,67,48,-36,6,22
1,472264,0.2000,65,67,48,-38,6,22
1,472273,0.8000,74,67,48,-56,6,22
1,472274,1.0000,75,67,48,-58,6,22
1,472353,1.0000,63,68,48,-34,8,22
1,472354,1.0000,64,68,48,-36,8,22
1,472355,1.0000,65,68,48,-38,8,22
1,472356,0.6000,66,68,48,-40,8,22
1,472364,0.4000,74,68,48,-56,8,22
1,472365,0.8000,75,68,48,-58,8,22
1,472444,0.2000,63,69,48,-34,10,22
1,472445,1.0000,64,69,48,-36,10,22
1,472446,1.0000,65,69,48,-38,10,22
1,472447,0.8000,66,69,48,-40,10,22
1,472448,0.6000,67,69,48,-42,10,22
1,472449,0.6000,68,69,48,-44,10,22
1,472450,0.2000,69,69,48,-46,10,22
1,472456,0.4000,75,69,48,-58,10,22
1,472457,0.2000,76,69,48,-60,10,22
1,472536,0.4000,64,70,48,-36,12,22
1,472537,0.8000,65,70,48,-38,12,22
1,472538,0.8000,66,70,48,-40,12,22
1,472539,0.8000,67,70,48,-42,12,22
1,472540,0.6000,68,70,48,-44,12,22
1,472541,0.2000,69,70,48,-46,12,22
1,472542,0.2000,70,70,48,-48,12,22
1,472543,0.4000,71,70,48,-50,12,22
1,472544,0.6000,72,70,48,-52,12,22
1,472545,0.6000,73,70,48,-54,12,22
1,472546,0.4000,74,70,48,-56,12,22
1,472547,0.4000,75,70,48,-58,12,22
1,472548,0.2000,76,70,48,-60,12,22
1,472628,0.2000,65,71,48,-38,14,22
1,472629,0.6000,66,71,48,-40,14,22
1,472630,0.4000,67,71,48,-42,14,22
1,472631,0.4000,68,71,48,-44,14,22
1,472633,0.2000,70,71,48,-48,14,22
1,472634,0.4000,71,71,48,-50,14,22
1,472635,0.8000,72,71,48,-52,14,22
1,472636,1.0000,73,71,48,-54,14,22
1,472637,1.0000,74,71,48,-56,14,22
1,472638,0.4000,75,71,48,-58,14,22
1,472726,0.4000,72,72,48,-52,16,22
1,472727,1.0000,73,72,48,-54,16,22
1,472728,0.8000,74,72,48,-56,16,22
1,478272,0.2000,67,24,49,-42,-80,24
1,478273,0.4000,68,24,49,-44,-80,24
1,478361,0.2000,65,25,49,-38,-78,24
1,478362,0.4000,66,25,49,-40,-78,24
1,478363,0.2000,67,25,49,-42,-78,24
1,478364,0.2000,68,25,49,-44,-78,24
1,478365,0.2000,69,25,49,-46,-78,24
1,478452,0.2000,65,26,49,-38,-76,24
1,478453,0.2000,66,26,49,-40,-76,24
1,478454,0.2000,67,26,49,-42,-76,24
1,478455,0.2000,68,26,49,-44,-76,24
1,478544,0.2000,66,27,49,-40,-74,24
1,478545,0.2000,67,27,49,-42,-74,24
1,478546,0.2000,68,27,49,-44,-74,24
1,478550,0.2000,72,27,49,-52,-74,24
1,478997,0.2000,64,32,49,-36,-64,24
1,478998,0.2000,65,32,49,-38,-64,24
1,478999,0.2000,66,32,49,-40,-64,24
1,479008,0.2000,75,32,49,-58,-64,24
1,479088,0.4000,64,33,49,-36,-62,24
1,479089,0.2000,65,33,49,-38,-62,24
1,479090,0.2000,66,33,49,-40,-62,24
1,479098,0.4000,74,33,49,-56,-62,24
1,479099,0.8000,75,33,49,-58,-62,24
1,479100,0.4000,76,33,49,-60,-62,24
1,479179,0.6000,64,34,49,-36,-60,24
1,479180,0.6000,65,34,49,-38,-60,24
1,479190,1.0000,75,34,49,-58,-60,24
1,479191,0.8000,76,34,49,-60,-60,24
1,479270,0.6000,64,35,49,-36,-58,24
1,479271,0.6000,65,35,49,-38,-58,24
1,479272,0.2000,66,35,49,-40,-58,24
1,479282,1.0000,76,35,49,-60,-58,24
1,479362,0.2000,65,36,49,-38,-56,24
1,479373,0.6000,76,36,49,-60,-56,24
1,482091,0.2000,64,66,49,-36,4,24
1,482092,0.2000,65,66,49,-38,4,24
1,482101,1.0000,74,66,49,-56,4,24
1,482181,0.8000,63,67,49,-34,6,24
1,482182,1.0000,64,67,49,-36,6,24
1,482183,1.0000,65,67,49,-38,6,24
1,482184,0.6000,66,67,49,-40,6,24
1,482192,0.6000,74,67,49,-56,6,24
1,482193,1.0000,75,67,49,-58,6,24
1,482272,0.4000,63,68,49,-34,8,24
1,482273,1.0000,64,68,49,-36,8,24
1,482274,1.0000,65,68,49,-38,8,24
1,482275,0.8000,66,68,49,-40,8,24
1,482276,0.8000,67,68,49,-42,8,24
1,482277,0.8000,68,68,49,-44,8,24
1,482278,0.6000,69,68,49,-46,8,24
1,482283,0.2000,74,68,49,-56,8,24
1,482284,0.8000,75,68,49,-58,8,24
1,482363,0.2000,63,69,49,-34,10,24
1,482364,1.0000,64,69,49,-36,10,24
1,482365,1.0000,65,69,49,-38,10,24
1,482366,1.0000,66,69,49,-40,10,24
1,482367,1.0000,67,69,49,-42,10,24
1,482368,1.0000,68,69,49,-44,10,24
1,482369,1.0000,69,69,49,-46,10,24
1,482370,0.8000,70,69,49,-48,10,24
1,482373,0.4000,73,69,49,-54,10,24
1,482374,0.6000,74,69,49,-56,10,24
1,482375,0.8000,75,69,49,-58,10,24
1,482376,0.2000,76,69,49,-60,10,24
1,482455,0.4000,64,70,49,-36,12,24
1,482456,0.8000,65,70,49,-38,12,24
1,482457,0.8000,66,70,49,-40,12,24
1,482458,0.8000,67,70,49,-42,12,24
1,482459,1.0000,68,70,49,-44,12,24
1,482460,1.0000,69,70,49,-46,12,24
1,482461,0.8000,70,70,49,-48,12,24
1,482462,0.8000,71,70,49,-50,12,24
1,482463,1.0000,72,70,49,-52,12,24
1,482464,1.0000,73,70,49,-54,12,24
1,482465,1.0000,74,70,49,-56,12,24
1,482466,0.8000,75,70,49,-58,12,24
1,482548,0.2000,66,71,49,-40,14,24
1,482549,0.2000,67,71,49,-42,14,24
1,482550,0.2000,68,71,49,-44,14,24
1,482551,0.8000,69,71,49,-46,14,24
1,482552,0.8000,70,71,49,-48,14,24
1,482553,0.8000,71,71,49,-50,14,24
1,482554,1.0000,72,71,49,-52,14,24
1,482555,1.0000,73,71,49,-54,14,24
1,482556,1.0000,74,71,49,-56,14,24
1,482557,0.8000,75,71,49,-58,14,24
1,482645,0.4000,72,72,49,-52,16,24
1,482646,1.0000,73,72,49,-54,16,24
1,482647,1.0000,74,72,49,-56,16,24
1,488099,0.2000,66,23,50,-40,-82,26
1,488191,0.6000,67,24,50,-42,-80,26
1,488192,1.0000,68,24,50,-44,-80,26
1,488280,0.2000,65,25,50,-38,-78,26
1,488281,0.4000,66,25,50,-40,-78,26
1,488282,0.2000,67,25,50,-42,-78,26
1,488283,0.4000,68,25,50,-44,-78,26
1,488284,0.8000,69,25,50,-46,-78,26
1,488285,0.2000,70,25,50,-48,-78,26
1,488372,0.2000,66,26,50,-40,-76,26
1,488373,0.2000,67,26,50,-42,-76,26
1,488376,0.2000,70,26,50,-48,-76,26
1,488469,0.2000,72,27,50,-52,-74,26
1,488825,0.2000,64,31,50,-36,-66,26
1,488826,0.2000,65,31,50,-38,-66,26
1,488827,0.2000,66,31,50,-40,-66,26
1,488828,0.2000,67,31,50,-42,-66,26
1,488916,0.2000,64,32,50,-36,-64,26
1,488917,0.4000,65,32,50,-38,-64,26
1,488918,0.4000,66,32,50,-40,-64,26
1,488919,0.4000,67,32,50,-42,-64,26
1,488926,0.2000,74,32,50,-56,-64,26
1,488927,0.2000,75,32,50,-58,-64,26
1,489007,0.6000,64,33,50,-36,-62,26
1,489008,0.6000,65,33,50,-38,-62,26
1,489009,0.2000,66,33,50,-40,-62,26
1,489010,0.2000,67,33,50,-42,-62,26
1,489017,0.8000,74,33,50,-56,-62,26
1,489018,0.4000,75,33,50,-58,-62,26
1,489098,0.6000,64,34,50,-36,-60,26
1,489099,0.6000,65,34,50,-38,-60,26
1,489100,0.2000,66,34,50,-40,-60,26
1,489109,0.8000,75,34,50,-58,-60,26
1,489110,0.2000,76,34,50,-60,-60,26
1,489189,0.2000,64,35,50,-36,-58,26
1,489190,0.2000,65,35,50,-38,-58,26
1,489191,0.2000,66,35,50,-40,-58,26
1,489200,0.2000,75,35,50,-58,-58,26
1,489201,0.8000,76,35,50,-60,-58,26
1,489292,0.6000,76,36,50,-60,-56,26
1,491920,0.2000,65,65,50,-38,2,26
1,491921,0.2000,66,65,50,-40,2,26
1,492010,0.8000,64,66,50,-36,4,26
1,492011,0.8000,65,66,50,-38,4,26
1,492012,0.2000,66,66,50,-40,4,26
1,492100,0.2000,63,67,50,-34,6,26
1,492101,1.0000,64,67,50,-36,6,26
1,492102,1.0000,65,67,50,-38,6,26
1,492103,0.8000,66,67,50,-40,6,26
1,492104,0.6000,67,67,50,-42,6,26
1,492105,0.4000,68,67,50,-44,6,26
1,492111,0.2000,74,67,50,-56,6,26
1,492191,0.2000,63,68,50,-34,8,26
1,492192,0.8000,64,68,50,-36,8,26
1,492193,1.0000,65,68,50,-38,8,26
1,492194,1.0000,66,68,50,-40,8,26
1,492195,1.0000,67,68,50,-42,8,26
1,492196,1.0000,68,68,50,-44,8,26
1,492197,1.0000,69,68,50,-46,8,26
1,492198,0.2000,70,68,50,-48,8,26
1,492202,0.4000,74,68,50,-56,8,26
1,492203,0.6000,75,68,50,-58,8,26
1,492283,0.8000,64,69,50,-36,10,26
1,492284,1.0000,65,69,50,-38,10,26
1,492285,1.0000,66,69,50,-40,10,26
1,492286,1.0000,67,69,50,-42,10,26
1,492287,1.0000,68,69,50,-44,10,26
1,492288,1.0000,69,69,50,-46,10,26
1,492289,1.0000,70,69,50,-48,10,26
1,492290,0.8000,71,69,50,-50,10,26
1,492291,0.8000,72,69,50,-52,10,26
1,492292,0.8000,73,69,50,-54,10,26
1,492293,1.0000,74,69,50,-56,10,26
1,492294,0.6000,75,69,50,-58,10,26
1,492375,0.8000,65,70,50,-38,12,26
1,492376,0.6000,66,70,50,-40,12,26
1,492377,0.4000,67,70,50,-42,12,26
1,492378,1.0000,68,70,50,-44,12,26
1,492379,1.0000,69,70,50,-46,12,26
1,492380,1.0000,70,70,50,-48,12,26
1,492381,1.0000,71,70,50,-50,12,26
1,492382,1.0000,72,70,50,-52,12,26
1,492383,1.0000,73,70,50,-54,12,26
1,492384,1.0000,74,70,50,-56,12,26
1,492385,1.0000,75,70,50,-58,12,26
1,492470,0.2000,69,71,50,-46,14,26
1,492471,1.0000,70,71,50,-48,14,26
1,492472,1.0000,71,71,50,-50,14,26
1,492473,1.0000,72,71,50,-52,14,26
1,492474,1.0000,73,71,50,-54,14,26
1,492475,1.0000,74,71,50,-56,14,26
1,492476,0.6000,75,71,50,-58,14,26
1,492564,0.2000,72,72,50,-52,16,26
1,492565,0.8000,73,72,50,-54,16,26
1,492566,0.6000,74,72,50,-56,16,26
1,498018,0.6000,66,23,51,-40,-82,28
1,498110,0.6000,67,24,51,-42,-80,28
1,498111,1.0000,68,24,51,-44,-80,28
1,498202,1.0000,68,25,51,-44,-78,28
1,498203,1.0000,69,25,51,-46,-78,28
1,498296,0.2000,71,26,51,-50,-76,28
1,498653,0.2000,64,30,51,-36,-68,28
1,498654,0.2000,65,30,51,-38,-68,28
1,498744,0.4000,64,31,51,-36,-66,28
1,498745,0.4000,65,31,51,-38,-66,28
1,498746,0.4000,66,31,51,-40,-66,28
1,498747,0.8000,67,31,51,-42,-66,28
1,498748,0.6000,68,31,51,-44,-66,28
1,498835,0.4000,64,32,51,-36,-64,28
1,498836,0.6000,65,32,51,-38,-64,28
1,498837,0.8000,66,32,51,-40,-64,28
1,498838,1.0000,67,32,51,-42,-64,28
1,498839,0.6000,68,32,51,-44,-64,28
1,498845,0.4000,74,32,51,-56,-64,28
1,498846,0.2000,75,32,51,-58,-64,28
1,498926,0.4000,64,33,51,-36,-62,28
1,498927,0.6000,65,33,51,-38,-62,28
1,498928,0.4000,66,33,51,-40,-62,28
1,498929,0.4000,67,33,51,-42,-62,28
1,498936,1.0000,74,33,51,-56,-62,28
1,498937,0.4000,75,33,51,-58,-62,28
1,499018,0.4000,65,34,51,-38,-60,28
1,499019,0.2000,66,34,51,-40,-60,28
1,499028,0.6000,75,34,51,-58,-60,28
1,499109,0.2000,65,35,51,-38,-58,28
1,499119,0.4000,75,35,51,-58,-58,28
1,499120,0.2000,76,35,51,-60,-58,28
1,499211,0.6000,76,36,51,-60,-56,28
1,501930,0.6000,65,66,51,-38,4,28
1,501931,0.2000,66,66,51,-40,4,28
1,501932,0.2000,67,66,51,-42,4,28
1,502020,0.4000,64,67,51,-36,6,28
1,502021,0.8000,65,67,51,-38,6,28
1,502022,1.0000,66,67,51,-40,6,28
1,502023,0.6000,67,67,51,-42,6,28
1,502024,0.8000,68,67,51,-44,6,28
1,502025,0.4000,69,67,51,-46,6,28
1,502111,0.6000,64,68,51,-36,8,28
1,502112,0.8000,65,68,51,-38,8,28
1,502113,1.0000,66,68,51,-40,8,28
1,502114,1.0000,67,68,51,-42,8,28
1,502115,1.0000,68,68,51,-44,8,28
1,502116,1.0000,69,68,51,-46,8,28
1,502117,0.6000,70,68,51,-48,8,28
1,502121,0.6000,74,68,51,-56,8,28
1,502203,0.6000,65,69,51,-38,10,28
1,502204,1.0000,66,69,51,-40,10,28
1,502205,1.0000,67,69,51,-42,10,28
1,502206,1.0000,68,69,51,-44,10,28
1,502207,1.0000,69,69,51,-46,10,28
1,502208,1.0000,70,69,51,-48,10,28
1,502209,0.8000,71,69,51,-50,10,28
1,502210,0.6000,72,69,51,-52,10,28
1,502211,0.8000,73,69,51,-54,10,28
1,502212,0.8000,74,69,51,-56,10,28
1,502213,0.4000,75,69,51,-58,10,28
1,502295,0.2000,66,70,51,-40,12,28
1,502296,0.2000,67,70,51,-42,12,28
1,502297,0.4000,68,70,51,-44,12,28
1,502298,0.8000,69,70,51,-46,12,28
1,502299,0.8000,70,70,51,-48,12,28
1,502300,0.8000,71,70,51,-50,12,28
1,502301,0.8000,72,70,51,-52,12,28
1,502302,1.0000,73,70,51,-54,12,28
1,502303,1.0000,74,70,51,-56,12,28
1,502304,0.6000,75,70,51,-58,12,28
1,502390,0.4000,70,71,51,-48,14,28
1,502391,0.8000,71,71,51,-50,14,28
1,502392,0.8000,72,71,51,-52,14,28
1,502393,1.0000,73,71,51,-54,14,28
1,502394,1.0000,74,71,51,-56,14,28
1,502395,0.2000,75,71,51,-58,14,28
1,502484,0.2000,73,72,51,-54,16,28
1,507844,0.2000,64,22,52,-36,-84,30
1,507931,0.2000,60,23,52,-28,-82,30
1,507937,1.0000,66,23,52,-40,-82,30
1,508022,0.2000,60,24,52,-28,-80,30
1,508023,0.8000,61,24,52,-30,-80,30
1,508024,0.2000,62,24,52,-32,-80,30
1,508029,1.0000,67,24,52,-42,-80,30
1,508030,1.0000,68,24,52,-44,-80,30
1,508113,0.2000,60,25,52,-28,-78,30
1,508114,0.2000,61,25,52,-30,-78,30
1,508121,0.8000,68,25,52,-44,-78,30
1,508122,0.6000,69,25,52,-46,-78,30
1,508573,0.4000,65,30,52,-38,-68,30
1,508574,0.2000,66,30,52,-40,-68,30
1,508575,0.4000,67,30,52,-42,-68,30
1,508576,0.4000,68,30,52,-44,-68,30
1,508663,0.2000,64,31,52,-36,-66,30
1,508664,0.4000,65,31,52,-38,-66,30
1,508665,0.6000,66,31,52,-40,-66,30
1,508666,0.6000,67,31,52,-42,-66,30
1,508667,0.8000,68,31,52,-44,-66,30
1,508673,0.2000,74,31,52,-56,-66,30
1,508755,0.4000,65,32,52,-38,-64,30
1,508756,0.4000,66,32,52,-40,-64,30
1,508757,0.8000,67,32,52,-42,-64,30
1,508758,0.6000,68,32,52,-44,-64,30
1,508764,0.8000,74,32,52,-56,-64,30
1,508846,0.4000,65,33,52,-38,-62,30
1,508847,0.4000,66,33,52,-40,-62,30
1,508855,0.8000,74,33,52,-56,-62,30
1,508856,0.2000,75,33,52,-58,-62,30
1,508937,0.2000,65,34,52,-38,-60,30
1,508946,0.2000,74,34,52,-56,-60,30
1,508947,0.4000,75,34,52,-58,-60,30
1,509038,0.8000,75,35,52,-58,-58,30
1,509129,0.4000,75,36,52,-58,-56,30
1,511851,0.2000,67,66,52,-42,4,30
1,511941,0.4000,66,67,52,-40,6,30
1,511942,0.8000,67,67,52,-42,6,30
1,511943,0.8000,68,67,52,-44,6,30
1,511944,0.6000,69,67,52,-46,6,30
1,512032,0.4000,66,68,52,-40,8,30
1,512033,1.0000,67,68,52,-42,8,30
1,512034,1.0000,68,68,52,-44,8,30
1,512035,0.6000,69,68,52,-46,8,30
1,512039,0.4000,73,68,52,-54,8,30
1,512124,0.2000,67,69,52,-42,10,30
1,512130,0.2000,73,69,52,-54,10,30
1,512131,0.6000,74,69,52,-56,10,30
1,512222,0.4000,74,70,52,-56,12,30
1,512223,0.4000,75,70,52,-58,12,30
1,512312,0.4000,73,71,52,-54,14,30
1,512313,0.6000,74,71,52,-56,14,30
1,517759,0.2000,60,22,53,-28,-84,32
1,517849,0.2000,59,23,53,-26,-82,32
1,517850,1.0000,60,23,53,-28,-82,32
1,517851,1.0000,61,23,53,-30,-82,32
1,517855,0.2000,65,23,53,-38,-82,32
1,517940,0.2000,59,24,53,-26,-80,32
1,517941,0.6000,60,24,53,-28,-80,32
1,517942,1.0000,61,24,53,-30,-80,32
1,517943,0.4000,62,24,53,-32,-80,32
1,517948,0.4000,67,24,53,-42,-80,32
1,518032,0.2000,60,25,53,-28,-78,32
1,518033,0.2000,61,25,53,-30,-78,32
1,518040,0.2000,68,25,53,-44,-78,32
1,518041,0.2000,69,25,53,-46,-78,32
1,518402,0.2000,66,29,53,-40,-70,32
1,518403,0.2000,67,29,53,-42,-70,32
1,518404,0.2000,68,29,53,-44,-70,32
1,518492,0.2000,65,30,53,-38,-68,32
1,518493,0.2000,66,30,53,-40,-68,32
1,518494,0.4000,67,30,53,-42,-68,32
1,518495,0.4000,68,30,53,-44,-68,32
1,518583,0.2000,65,31,53,-38,-66,32
1,518584,0.4000,66,31,53,-40,-66,32
1,518585,0.4000,67,31,53,-42,-66,32
1,518586,0.4000,68,31,53,-44,-66,32
1,518587,0.4000,69,31,53,-46,-66,32
1,518678,0.2000,69,32,53,-46,-64,32
1,518679,0.2000,70,32,53,-48,-64,32
1,518682,0.8000,73,32,53,-54,-64,32
1,518683,0.6000,74,32,53,-56,-64,32
1,518771,0.4000,71,33,53,-50,-62,32
1,518772,0.4000,72,33,53,-52,-62,32
1,518773,0.6000,73,33,53,-54,-62,32
1,518774,0.8000,74,33,53,-56,-62,32
1,518861,0.2000,70,34,53,-48,-60,32
1,518862,0.8000,71,34,53,-50,-60,32
1,518863,0.6000,72,34,53,-52,-60,32
1,518864,0.2000,73,34,53,-54,-60,32
1,518865,0.2000,74,34,53,-56,-60,32
1,521675,0.2000,63,65,53,-34,2,32
1,521861,0.2000,67,67,53,-42,6,32
1,527678,1.0000,60,22,54,-28,-84,34
1,527679,1.0000,61,22,54,-30,-84,34
1,527680,0.4000,62,22,54,-32,-84,34
1,527681,0.2000,63,22,54,-34,-84,34
1,527768,0.8000,59,23,54,-26,-82,34
1,527769,1.0000,60,23,54,-28,-82,34
1,527770,1.0000,61,23,54,-30,-82,34
1,527771,0.4000,62,23,54,-32,-82,34
1,527858,0.2000,58,24,54,-24,-80,34
1,527859,0.2000,59,24,54,-26,-80,34
1,527860,0.6000,60,24,54,-28,-80,34
1,527861,0.8000,61,24,54,-30,-80,34
1,527959,0.2000,68,25,54,-44,-78,34
1,528050,0.2000,68,26,54,-44,-76,34
1,528051,0.2000,69,26,54,-46,-76,34
1,528142,0.2000,69,27,54,-46,-74,34
1,528234,0.2000,70,28,54,-48,-72,34
1,528321,0.2000,66,29,54,-40,-70,34
1,528322,0.4000,67,29,54,-42,-70,34
1,528323,0.2000,68,29,54,-44,-70,34
1,528412,0.2000,66,30,54,-40,-68,34
1,528413,0.4000,67,30,54,-42,-68,34
1,528418,0.2000,72,30,54,-52,-68,34
1,528419,0.2000,73,30,54,-54,-68,34
1,528507,0.2000,70,31,54,-48,-66,34
1,528509,0.6000,72,31,54,-52,-66,34
1,528510,0.8000,73,31,54,-54,-66,34
1,528598,0.6000,70,32,54,-48,-64,34
1,528599,0.6000,71,32,54,-50,-64,34
1,528600,0.8000,72,32,54,-52,-64,34
1,528601,1.0000,73,32,54,-54,-64,34
1,528689,0.2000,70,33,54,-48,-62,34
1,528690,0.6000,71,33,54,-50,-62,34
1,528691,1.0000,72,33,54,-52,-62,34
1,528692,1.0000,73,33,54,-54,-62,34
1,528693,0.8000,74,33,54,-56,-62,34
1,528781,0.8000,71,34,54,-50,-60,34
1,528782,0.8000,72,34,54,-52,-60,34
1,528783,0.6000,73,34,54,-54,-60,34
1,528784,1.0000,74,34,54,-56,-60,34
1,528957,0.4000,65,36,54,-38,-56,34
1,528958,0.2000,66,36,54,-40,-56,34
1,537596,0.4000,59,22,55,-26,-84,36
1,537597,1.0000,60,22,55,-28,-84,36
1,537598,1.0000,61,22,55,-30,-84,36
1,537599,0.8000,62,22,55,-32,-84,36
1,537686,1.0000,58,23,55,-24,-82,36
1,537687,1.0000,59,23,55,-26,-82,36
1,537688,1.0000,60,23,55,-28,-82,36
1,537689,1.0000,61,23,55,-30,-82,36
1,537690,0.4000,62,23,55,-32,-82,36
1,537777,0.6000,58,24,55,-24,-80,36
1,537778,0.2000,59,24,55,-26,-80,36
1,537779,0.2000,60,24,55,-28,-80,36
1,537877,0.6000,67,25,55,-42,-78,36
1,537969,0.8000,68,26,55,-44,-76,36
1,537970,1.0000,69,26,55,-46,-76,36
1,538060,0.4000,68,27,55,-44,-74,36
1,538061,1.0000,69,27,55,-46,-74,36
1,538062,0.4000,70,27,55,-48,-74,36
1,538150,0.2000,67,28,55,-42,-72,36
1,538151,0.4000,68,28,55,-44,-72,36
1,538152,1.0000,69,28,55,-46,-72,36
1,538153,0.6000,70,28,55,-48,-72,36
1,538240,0.2000,66,29,55,-40,-70,36
1,538241,0.4000,67,29,55,-42,-70,36
1,538242,0.2000,68,29,55,-44,-70,36
1,538244,0.2000,70,29,55,-48,-70,36
1,538245,0.6000,71,29,55,-50,-70,36
1,538336,0.4000,71,30,55,-50,-68,36
1,538337,0.8000,72,30,55,-52,-68,36
1,538427,0.6000,71,31,55,-50,-66,36
1,538428,1.0000,72,31,55,-52,-66,36
1,538429,0.8000,73,31,55,-54,-66,36
1,538518,0.8000,71,32,55,-50,-64,36
1,538519,1.0000,72,32,55,-52,-64,36
1,538520,1.0000,73,32,55,-54,-64,36
1,538609,1.0000,71,33,55,-50,-62,36
1,538610,1.0000,72,33,55,-52,-62,36
1,538611,1.0000,73,33,55,-54,-62,36
1,538696,0.2000,67,34,55,-42,-60,36
1,538700,0.2000,71,34,55,-50,-60,36
1,538701,0.6000,72,34,55,-52,-60,36
1,538702,0.4000,73,34,55,-54,-60,36
1,538786,0.2000,66,35,55,-40,-58,36
1,538876,1.0000,65,36,55,-38,-56,36
1,538877,0.6000,66,36,55,-40,-56,36
1,547514,1.0000,58,22,56,-24,-84,38
1,547515,0.6000,59,22,56,-26,-84,38
1,547516,0.6000,60,22,56,-28,-84,38
1,547517,0.8000,61,22,56,-30,-84,38
1,547518,0.8000,62,22,56,-32,-84,38
1,547604,1.0000,57,23,56,-22,-82,38
1,547605,1.0000,58,23,56,-24,-82,38
1,547606,1.0000,59,23,56,-26,-82,38
1,547607,0.4000,60,23,56,-28,-82,38
1,547608,0.4000,61,23,56,-30,-82,38
1,547609,0.4000,62,23,56,-32,-82,38
1,547610,0.2000,63,23,56,-34,-82,38
1,547695,1.0000,57,24,56,-22,-80,38
1,547696,1.0000,58,24,56,-24,-80,38
1,547697,0.2000,59,24,56,-26,-80,38
1,547702,0.2000,64,24,56,-36,-80,38
1,547887,1.0000,67,26,56,-42,-76,38
1,547888,1.0000,68,26,56,-44,-76,38
1,547978,0.6000,67,27,56,-42,-74,38
1,547979,1.0000,68,27,56,-44,-74,38
1,547980,1.0000,69,27,56,-46,-74,38
1,548070,0.4000,68,28,56,-44,-72,38
1,548071,1.0000,69,28,56,-46,-72,38
1,548072,0.8000,70,28,56,-48,-72,38
1,548163,0.2000,70,29,56,-48,-70,38
1,548255,0.2000,71,30,56,-50,-68,38
1,548346,0.2000,71,31,56,-50,-66,38
1,548347,0.8000,72,31,56,-52,-66,38
1,548438,0.8000,72,32,56,-52,-64,38
1,548439,0.8000,73,32,56,-54,-64,38
1,548529,1.0000,72,33,56,-52,-62,38
1,548530,1.0000,73,33,56,-54,-62,38
1,548615,0.6000,67,34,56,-42,-60,38
1,548616,0.6000,68,34,56,-44,-60,38
1,548706,0.4000,67,35,56,-42,-58,38
1,548795,1.0000,65,36,56,-38,-56,38
1,557433,1.0000,58,22,57,-24,-84,40
1,557434,0.2000,59,22,57,-26,-84,40
1,557436,0.2000,61,22,57,-30,-84,40
1,557437,0.6000,62,22,57,-32,-84,40
1,557523,1.0000,57,23,57,-22,-82,40
1,557524,1.0000,58,23,57,-24,-82,40
1,557525,0.4000,59,23,57,-26,-82,40
1,557614,0.8000,57,24,57,-22,-80,40
1,557621,0.2000,64,24,57,-36,-80,40
1,557704,0.2000,56,25,57,-20,-78,40
1,557712,0.2000,64,25,57,-36,-78,40
1,557713,0.6000,65,25,57,-38,-78,40
1,557897,1.0000,67,27,57,-42,-74,40
1,557976,0.2000,55,28,57,-18,-72,40
1,557989,0.4000,68,28,57,-44,-72,40
1,558357,0.8000,72,32,57,-52,-64,40
1,558443,0.4000,67,33,57,-42,-62,40
1,558444,0.4000,68,33,57,-44,-62,40
1,558448,0.6000,72,33,57,-52,-62,40
1,558534,0.8000,67,34,57,-42,-60,40
1,558535,0.6000,68,34,57,-44,-60,40
1,558536,0.2000,69,34,57,-46,-60,40
1,558625,0.8000,67,35,57,-42,-58,40
1,558626,0.6000,68,35,57,-44,-58,40
1,567356,0.4000,62,22,58,-32,-84,42
1,567442,0.2000,57,23,58,-22,-82,42
1,567532,0.2000,56,24,58,-20,-80,42
1,567540,0.2000,64,24,58,-36,-80,42
1,567630,0.2000,63,25,58,-34,-78,42
1,567631,1.0000,64,25,58,-36,-78,42
1,567632,1.0000,65,25,58,-38,-78,42
1,567723,0.8000,65,26,58,-38,-76,42
1,567804,0.2000,55,27,58,-18,-74,42
1,568363,0.4000,68,33,58,-44,-62,42
1,568364,0.2000,69,33,58,-46,-62,42
1,568453,0.4000,67,34,58,-42,-60,42
1,568454,0.6000,68,34,58,-44,-60,42
1,568455,0.8000,69,34,58,-46,-60,42
1,568456,0.4000,70,34,58,-48,-60,42
1,568544,0.2000,67,35,58,-42,-58,42
1,568545,0.2000,68,35,58,-44,-58,42
1,568546,0.2000,69,35,58,-46,-58,42
1,577459,0.4000,64,24,59,-36,-80,44
1,577549,1.0000,63,25,59,-34,-78,44
1,577550,1.0000,64,25,59,-36,-78,44
1,577632,0.2000,55,26,59,-18,-76,44
1,577640,0.2000,63,26,59,-34,-76,44
1,577641,1.0000,64,26,59,-36,-76,44
1,577642,1.0000,65,26,59,-38,-76,44
1,577733,0.6000,65,27,59,-38,-74,44
1,578282,0.2000,68,33,59,-44,-62,44
1,578283,0.4000,69,33,59,-46,-62,44
1,578284,0.4000,70,33,59,-48,-62,44
1,578373,0.2000,68,34,59,-44,-60,44
1,578374,0.6000,69,34,59,-46,-60,44
1,578375,0.6000,70,34,59,-48,-60,44
1,578465,0.2000,69,35,59,-46,-58,44
1,587377,0.4000,63,24,60,-34,-80,46
1,587467,0.2000,62,25,60,-32,-78,46
1,587468,1.0000,63,25,60,-34,-78,46
1,587469,1.0000,64,25,60,-36,-78,46
1,587559,0.8000,63,26,60,-34,-76,46
1,587560,1.0000,64,26,60,-36,-76,46
1,587561,1.0000,65,26,60,-38,-76,46
1,587651,0.8000,64,27,60,-36,-74,46
1,587652,1.0000,65,27,60,-38,-74,46
1,587743,0.8000,65,28,60,-38,-72,46
1,587744,0.8000,66,28,60,-40,-72,46
1,588202,1.0000,69,33,60,-46,-62,46
1,588203,0.8000,70,33,60,-48,-62,46
1,588292,0.2000,68,34,60,-44,-60,46
1,588293,0.6000,69,34,60,-46,-60,46
1,588294,0.6000,70,34,60,-48,-60,46
1,597202,0.2000,60,23,61,-28,-82,48
1,597294,0.2000,61,24,61,-30,-80,48
1,597386,0.4000,62,25,61,-32,-78,48
1,597387,1.0000,63,25,61,-34,-78,48
1,597477,0.2000,62,26,61,-32,-76,48
1,597478,1.0000,63,26,61,-34,-76,48
1,597479,1.0000,64,26,61,-36,-76,48
1,597570,0.8000,64,27,61,-36,-74,48
1,597571,1.0000,65,27,61,-38,-74,48
1,597662,0.8000,65,28,61,-38,-72,48
1,597663,1.0000,66,28,61,-40,-72,48
1,597754,0.8000,66,29,61,-40,-70,48
1,597755,1.0000,67,29,61,-42,-70,48
1,597846,1.0000,67,30,61,-42,-68,48
1,597937,0.8000,67,31,61,-42,-66,48
1,598212,0.4000,69,34,61,-46,-60,48
1,607212,0.6000,60,24,62,-28,-80,50
1,607304,0.8000,61,25,62,-30,-78,50
1,607305,0.8000,62,25,62,-32,-78,50
1,607396,0.8000,62,26,62,-32,-76,50
1,607397,1.0000,63,26,62,-34,-76,50
1,607398,1.0000,64,26,62,-36,-76,50
1,607488,0.4000,63,27,62,-34,-74,50
1,607489,0.8000,64,27,62,-36,-74,50
1,607490,1.0000,65,27,62,-38,-74,50
1,607580,0.6000,64,28,62,-36,-72,50
1,607581,1.0000,65,28,62,-38,-72,50
1,607582,1.0000,66,28,62,-40,-72,50
1,607672,0.6000,65,29,62,-38,-70,50
1,607673,1.0000,66,29,62,-40,-70,50
1,607764,1.0000,66,30,62,-40,-68,50
1,607765,1.0000,67,30,62,-42,-68,50
1,607856,1.0000,67,31,62,-42,-66,50
1,607947,0.4000,67,32,62,-42,-64,50
1,611850,0.4000,57,75,62,-22,22,50
1,611851,0.2000,58,75,62,-24,22,50
1,611942,0.2000,58,76,62,-24,24,50
1,617315,0.8000,62,26,63,-32,-76,52
1,617407,0.2000,63,27,63,-34,-74,52
1,617408,0.6000,64,27,63,-36,-74,52
1,617499,0.4000,64,28,63,-36,-72,52
1,617500,1.0000,65,28,63,-38,-72,52
1,617590,0.2000,64,29,63,-36,-70,52
1,617591,0.8000,65,29,63,-38,-70,52
1,617592,1.0000,66,29,63,-40,-70,52
1,617682,0.8000,65,30,63,-38,-68,52
1,617683,1.0000,66,30,63,-40,-68,52
1,617773,0.2000,65,31,63,-38,-66,52
1,617774,1.0000,66,31,63,-40,-66,52
1,621590,0.2000,60,73,63,-28,18,52
1,621676,0.2000,55,74,63,-18,20,52
1,621767,0.4000,55,75,63,-18,22,52
1,621768,0.2000,56,75,63,-20,22,52
1,621769,0.2000,57,75,63,-22,22,52
1,621857,1.0000,54,76,63,-16,24,52
1,621858,0.4000,55,76,63,-18,24,52
1,621860,0.2000,57,76,63,-22,24,52
1,621948,1.0000,54,77,63,-16,26,52
1,621949,0.8000,55,77,63,-18,26,52
1,627418,0.4000,64,28,64,-36,-72,54
1,627509,0.8000,64,29,64,-36,-70,54
1,627510,1.0000,65,29,64,-38,-70,54
1,627600,0.8000,64,30,64,-36,-68,54
1,627601,1.0000,65,30,64,-38,-68,54
1,627691,0.4000,64,31,64,-36,-66,54
1,627692,1.0000,65,31,64,-38,-66,54
1,631419,0.2000,61,72,64,-30,16,54
1,631509,0.2000,60,73,64,-28,18,54
1,631510,0.2000,61,73,64,-30,18,54
1,631776,1.0000,54,76,64,-16,24,54
1,631777,1.0000,55,76,64,-18,24,54
1,631778,0.2000,56,76,64,-20,24,54
1,631867,1.0000,54,77,64,-16,26,54
1,631868,0.8000,55,77,64,-18,26,54
1,631869,0.6000,56,77,64,-20,26,54
1,641605,0.2000,55,75,65,-18,22,56
1,641606,0.2000,56,75,65,-20,22,56
1,641695,1.0000,54,76,65,-16,24,56
1,641696,0.8000,55,76,65,-18,24,56
1,641697,0.6000,56,76,65,-20,24,56
1,641698,0.4000,57,76,65,-22,24,56
1,641786,1.0000,54,77,65,-16,26,56
1,641787,1.0000,55,77,65,-18,26,56
1,641788,1.0000,56,77,65,-20,26,56
1,641789,0.6000,57,77,65,-22,26,56
1,641878,1.0000,55,78,65,-18,28,56
1,641879,1.0000,56,78,65,-20,28,56
1,641880,0.6000,57,78,65,-22,28,56
1,651524,0.4000,55,75,66,-18,22,58
1,651525,0.4000,56,75,66,-20,22,58
1,651614,1.0000,54,76,66,-16,24,58
1,651615,1.0000,55,76,66,-18,24,58
1,651616,1.0000,56,76,66,-20,24,58
1,651617,0.6000,57,76,66,-22,24,58
1,651705,1.0000,54,77,66,-16,26,58
1,651706,1.0000,55,77,66,-18,26,58
1,651707,1.0000,56,77,66,-20,26,58
1,651708,0.6000,57,77,66,-22,26,58
1,651796,1.0000,54,78,66,-16,28,58
1,651797,1.0000,55,78,66,-18,28,58
1,651798,1.0000,56,78,66,-20,28,58
1,661082,0.2000,58,71,67,-24,14,60
1,661173,0.4000,58,72,67,-24,16,60
1,661174,0.2000,59,72,67,-26,16,60
1,661264,0.2000,58,73,67,-24,18,60
1,661354,0.2000,57,74,67,-22,20,60
1,661443,0.6000,55,75,67,-18,22,60
1,661444,1.0000,56,75,67,-20,22,60
1,661445,0.2000,57,75,67,-22,22,60
1,661533,0.4000,54,76,67,-16,24,60
1,661534,1.0000,55,76,67,-18,24,60
1,661535,1.0000,56,76,67,-20,24,60
1,661624,1.0000,54,77,67,-16,26,60
1,661625,1.0000,55,77,67,-18,26,60
1,661626,1.0000,56,77,67,-20,26,60
1,661715,1.0000,54,78,67,-16,28,60
1,661716,1.0000,55,78,67,-18,28,60
1,661717,0.2000,56,78,67,-20,28,60
1,671001,0.2000,58,71,68,-24,14,62
1,671092,0.6000,58,72,68,-24,16,62
1,671093,0.2000,59,72,68,-26,16,62
1,671183,0.6000,58,73,68,-24,18,62
1,671184,0.2000,59,73,68,-26,18,62
1,671273,0.6000,57,74,68,-22,20,62
1,671361,0.4000,54,75,68,-16,22,62
1,671362,0.8000,55,75,68,-18,22,62
1,671363,0.6000,56,75,68,-20,22,62
1,671453,0.2000,55,76,68,-18,24,62
