roi_label,x,y,z,effect_size_photo,effect_size_sent
2,24,70,45,0.664278209209442,0.245909214019775
2,23,71,46,0.716947376728058,-0.0983162745833397
2,24,71,46,0.835937142372131,0.258786886930466
2,25,71,46,0.641478478908539,0.103363804519176
2,23,72,46,0.789195716381073,0.0604733973741531
2,24,72,46,0.880796313285828,0.278164863586426
2,25,72,46,0.778731822967529,0.189068704843521
2,27,77,46,0.708261132240295,0.778075277805328
2,26,78,46,0.904491424560547,1.30580580234528
2,27,78,46,1.16758894920349,1.24721479415894
2,28,78,46,0.95520007610321,0.841991901397705
2,24,72,47,0.689565360546112,0.0563349388539791
2,25,72,47,0.655766367912292,0.0938082933425903
2,23,73,47,0.858275175094604,-0.0812040194869041
2,24,73,47,0.816948294639587,0.0661985725164413
2,25,73,47,0.704760432243347,0.156957983970642
2,23,74,47,0.897288501262665,-0.0160963535308838
2,24,74,47,0.736992478370667,0.0295273885130882
2,17,75,47,1.66631615161896,-0.928063154220581
2,18,75,47,1.26006090641022,-1.27519345283508
2,17,76,47,1.82123827934265,-0.35485702753067
2,18,76,47,1.28708732128143,-0.916107356548309
2,17,77,47,1.1917085647583,-0.0036306343972683
2,25,77,47,0.779443085193634,0.722226500511169
2,26,77,47,1.01315546035767,0.959127128124237
2,27,77,47,1.18279004096985,1.07253682613373
2,28,77,47,1.039963722229,0.709320545196533
2,24,78,47,0.629598736763,0.661097168922424
2,25,78,47,0.902862310409546,1.13839495182037
2,26,78,47,1.22395730018616,1.65399599075317
2,27,78,47,1.35851788520813,1.48437440395355
2,28,78,47,1.17551970481873,0.997339844703674
2,29,78,47,0.831231713294983,0.651175200939178
2,27,67,48,0.833326697349548,0.981771290302277
2,28,67,48,0.791559100151062,0.632693946361542
2,27,68,48,0.680390596389771,0.818549871444702
2,28,68,48,0.608780860900879,0.469345211982727
2,23,73,48,0.692770719528198,-0.0936443954706192
2,18,74,48,1.20268714427948,-0.872893035411835
2,19,74,48,1.13429510593414,-0.320647835731506
2,23,74,48,0.983839333057404,0.156330794095993
2,24,74,48,0.791836142539978,0.197613283991814
2,17,75,48,2.11645698547363,-0.482637077569962
2,18,75,48,1.77511310577393,-0.815783619880676
2,19,75,48,1.2699031829834,-0.523660957813263
2,23,75,48,0.659146010875702,0.257039338350296
2,17,76,48,1.96396231651306,-0.334407180547714
2,18,76,48,1.62301170825958,-0.482680350542068
2,19,76,48,0.876134157180786,-0.200999394059181
2,27,76,48,0.693189144134521,0.365872353315353
2,18,77,48,0.914530813694,-0.148572191596031
2,24,77,48,0.705030679702759,0.730166852474213
2,25,77,48,0.96216869354248,0.928975164890289
2,26,77,48,1.16460728645325,1.0975056886673
2,27,77,48,1.15568196773529,0.879154682159424
2,28,77,48,1.03522872924805,0.497027695178986
2,23,78,48,0.742059707641602,0.662864089012146
2,24,78,48,0.958265066146851,0.833812296390533
2,25,78,48,1.12280213832855,1.28444838523865
2,26,78,48,1.22178316116333,1.65521717071533
2,27,78,48,1.17712152004242,1.37957513332367
2,28,78,48,0.969697594642639,0.787036418914795
2,26,66,49,0.813928008079529,1.13068890571594
2,27,66,49,0.940222263336182,1.01307845115662
2,28,66,49,0.935069382190704,0.781600952148438
2,29,66,49,0.781843066215515,0.52938175201416
2,26,67,49,0.82678234577179,1.49205422401428
2,27,67,49,1.06812214851379,1.37842321395874
2,28,67,49,1.03826797008514,1.05411982536316
2,29,67,49,0.886548519134521,0.767456650733948
2,28,68,49,0.687811970710754,0.858912825584412
2,29,68,49,0.683264434337616,0.563376367092133
2,30,68,49,0.600837588310242,0.401874363422394
2,18,74,49,1.15430343151093,0.0894357040524483
2,19,74,49,1.20309853553772,0.182789951562881
2,20,74,49,0.841501474380493,0.177334040403366
2,23,74,49,0.881391942501068,0.860804498195648
2,17,75,49,1.84359836578369,0.451197057962418
2,18,75,49,1.56588089466095,0.072122722864151
2,19,75,49,1.01486241817474,-0.00705626606941223
2,17,76,49,1.51515769958496,0.198297023773193
2,18,76,49,1.38822066783905,0.183526188135147
2,18,77,49,0.772738337516785,0.314953774213791
2,20,77,49,0.712347388267517,0.551777958869934
2,25,77,49,0.898955702781677,1.09336757659912
2,26,77,49,0.865398526191711,0.943228840827942
2,27,77,49,0.7730633020401,0.544314980506897
2,20,78,49,1.20348715782166,0.973798513412476
2,21,78,49,1.14748644828796,1.06323063373566
2,22,78,49,0.960741758346558,0.888715624809265
2,23,78,49,0.959216117858887,0.808096528053284
2,24,78,49,1.03891277313232,1.00794553756714
2,25,78,49,1.07777309417725,1.2424830198288
2,25,65,50,0.61261522769928,0.545476973056793
2,26,65,50,0.808923125267029,0.610150873661041
2,27,65,50,0.759372353553772,0.674083054065704
2,28,65,50,0.68080061674118,0.603333294391632
2,29,65,50,0.550110816955566,0.414149284362793
2,25,66,50,0.653817892074585,1.00775730609894
2,26,66,50,1.02135324478149,1.24660897254944
2,27,66,50,1.16591775417328,1.28425538539886
2,28,66,50,1.07085931301117,1.11922991275787
2,29,66,50,0.922853112220764,0.882937610149384
2,26,67,50,0.919909596443176,1.5096538066864
2,27,67,50,1.09072065353394,1.54103660583496
2,28,67,50,1.14065408706665,1.37938547134399
2,29,67,50,1.05814683437347,1.08670651912689
2,30,67,50,0.765528082847595,0.671199560165405
2,28,68,50,0.694948732852936,1.13206303119659
2,29,68,50,0.725078701972961,0.914452850818634
2,30,68,50,0.651658952236176,0.607116520404816
2,17,75,50,1.35844779014587,1.11784148216248
2,18,75,50,1.01521110534668,0.685550808906555
2,18,76,50,1.0951828956604,0.780430793762207
2,19,76,50,0.712269604206085,0.613769292831421
2,19,77,50,0.909497797489166,0.825930118560791
2,20,77,50,1.01647460460663,0.689392566680908
2,21,77,50,0.928374171257019,0.66049987077713
2,19,78,50,0.967131614685059,0.735099077224731
2,20,78,50,1.65741515159607,1.03388488292694
2,21,78,50,1.60445630550385,1.09972643852234
2,22,78,50,1.12125849723816,0.965384364128113
2,25,65,51,0.514557480812073,0.39181062579155
2,26,65,51,0.727130055427551,0.585525035858154
2,27,65,51,0.755225539207458,0.739685893058777
2,28,65,51,0.687565267086029,0.814733028411865
2,29,65,51,0.689874887466431,0.678543031215668
2,25,66,51,0.70365709066391,0.780635714530945
2,26,66,51,0.955150783061981,1.11265230178833
2,27,66,51,1.06942164897919,1.279052734375
2,28,66,51,1.07406854629517,1.34249818325043
2,29,66,51,0.954976677894592,1.20226848125458
2,25,67,51,0.793610274791718,1.16101312637329
2,26,67,51,0.868523716926575,1.46396934986115
2,27,67,51,0.982560098171234,1.48451590538025
2,28,67,51,1.06147706508636,1.51240134239197
2,29,67,51,0.996759295463562,1.25941026210785
2,30,67,51,0.653722524642944,0.811391294002533
2,18,76,51,1.05414474010468,1.30990374088287
2,19,76,51,0.722116947174072,0.950402557849884
2,19,77,51,1.14193558692932,1.18689823150635
2,20,77,51,1.3844587802887,0.917132139205933
2,21,77,51,1.15953731536865,0.725838780403137
2,19,78,51,1.35374021530151,1.11574923992157
2,20,78,51,1.97149586677551,1.25687861442566
2,21,78,51,1.83019351959229,1.26157665252686
2,22,78,51,1.02544665336609,0.952782690525055
2,20,79,51,2.05831456184387,1.10036134719849
2,21,79,51,2.10377931594849,1.58564853668213
2,22,79,51,1.30677509307861,1.28028345108032
2,28,65,52,0.664896368980408,0.926857113838196
2,29,65,52,0.791788816452026,0.860886573791504
2,26,66,52,0.687133371829987,0.920158803462982
2,27,66,52,0.862801432609558,1.16724073886871
2,28,66,52,0.875651299953461,1.27535903453827
2,29,66,52,0.922978281974792,1.25981521606445
2,25,67,52,0.7755047082901,1.01303458213806
2,26,67,52,0.788707673549652,1.37742233276367
2,27,67,52,0.753722667694092,1.36172592639923
2,28,67,52,0.783369183540344,1.3438446521759
2,29,67,52,0.800470411777496,1.16381227970123
2,18,76,52,1.1124404668808,1.66014790534973
2,19,77,52,1.17196774482727,1.44746565818787
2,20,77,52,1.29957044124603,1.19032943248749
2,21,77,52,1.0965883731842,0.638942062854767
2,20,78,52,1.88238799571991,1.57744169235229
2,21,78,52,1.62229120731354,1.36882662773132
2,21,79,52,2.00457549095154,1.93460202217102
2,28,65,53,0.735986590385437,0.950479626655579
2,29,65,53,0.827680468559265,1.01752150058746
2,29,66,53,0.744377255439758,1.12431001663208
2,20,77,53,0.89267760515213,1.08289563655853
2,20,78,53,1.36526417732239,1.43014192581177
2,21,78,53,1.09536194801331,0.89115571975708
2,21,79,53,1.61145877838135,1.54920053482056
2,28,64,54,0.805287539958954,0.940669178962708
2,28,65,54,0.7446169257164,0.999443829059601
2,29,65,54,0.777909874916077,0.926047086715698
4,22,83,36,1.42686033248901,1.46430337429047
4,21,78,37,1.28201591968536,1.93105459213257
4,22,78,37,1.22373104095459,1.35575270652771
4,21,79,37,1.53793060779572,2.74044299125671
4,22,79,37,1.39586961269379,2.05550479888916
4,23,79,37,1.02167940139771,1.29276859760284
4,21,80,37,1.42393529415131,2.67994523048401
4,22,80,37,1.43322265148163,2.36910486221313
4,23,80,37,1.05858707427979,1.55927503108978
4,22,81,37,1.33325755596161,2.01072454452515
4,22,82,37,1.39964747428894,1.8177102804184
4,22,83,37,1.62882423400879,1.67422747612
4,23,83,37,1.1564314365387,1.16316652297974
4,21,84,37,1.9352570772171,1.4446793794632
4,22,84,37,1.93562531471252,1.30259335041046
4,23,84,37,1.5702428817749,0.871863663196564
4,21,85,37,1.89785706996918,1.06737971305847
4,22,85,37,1.90397620201111,0.792068779468536
4,23,85,37,1.52629399299622,0.348822742700577
4,21,78,38,1.67242443561554,2.10599899291992
4,22,78,38,1.50620353221893,1.31249058246613
4,20,79,38,2.06317782402039,3.61837792396545
4,21,79,38,2.50445628166199,3.2863507270813
4,22,79,38,2.12224555015564,2.45949363708496
4,23,79,38,1.52069783210754,1.5837938785553
4,24,79,38,0.972461819648743,0.91022914648056
4,20,80,38,2.50472521781921,3.79887080192566
4,21,80,38,2.82870674133301,3.55067348480225
4,22,80,38,2.43491816520691,2.88190793991089
4,23,80,38,1.74419546127319,1.93766856193542
4,24,80,38,1.05169868469238,1.02714347839355
4,20,81,38,1.9908674955368,3.04012656211853
4,21,81,38,2.39084124565125,2.84960150718689
4,22,81,38,2.11641073226929,2.40148830413818
4,23,81,38,1.4114077091217,1.65214359760284
4,21,82,38,1.740807056427,2.24066162109375
4,22,82,38,1.70841729640961,1.99154019355774
4,23,82,38,1.11341679096222,1.34217846393585
4,22,83,38,1.72203242778778,1.73682701587677
4,23,83,38,1.19071829319,1.14865446090698
4,21,84,38,1.88709580898285,1.49836957454681
4,22,84,38,1.8519241809845,1.24748075008392
4,23,84,38,1.34188413619995,0.715394377708435
4,21,85,38,1.77436459064484,0.953008532524109
4,22,85,38,1.66749274730682,0.572131812572479
4,21,78,39,1.97340285778046,1.89341640472412
4,22,78,39,1.70971763134003,1.27188909053802
4,20,79,39,2.93368411064148,3.69083189964294
4,21,79,39,3.28819680213928,3.44728374481201
4,22,79,39,2.75868821144104,2.61465430259705
4,23,79,39,1.86357069015503,1.78427839279175
4,24,79,39,1.18039071559906,1.140061378479
4,20,80,39,3.89280343055725,4.64172697067261
4,21,80,39,3.75493788719177,3.99904608726501
4,22,80,39,3.0442361831665,3.03920388221741
4,23,80,39,2.18533492088318,2.10359168052673
4,24,80,39,1.34146738052368,1.255450963974
4,20,81,39,3.12831926345825,4.07306718826294
4,21,81,39,2.92922067642212,3.23366498947144
4,22,81,39,2.39172554016113,2.35162305831909
4,23,81,39,1.62456870079041,1.58806884288788
4,24,81,39,0.980299830436707,0.921036005020142
4,21,82,39,1.96218585968018,2.34241032600403
4,22,82,39,1.66556084156036,1.74610197544098
4,23,82,39,1.16748523712158,1.19374144077301
4,22,83,39,1.49579548835754,1.45101690292358
4,23,83,39,1.06652843952179,0.87827205657959
4,21,84,39,1.72568535804749,1.55272567272186
4,22,84,39,1.50636065006256,1.07009184360504
4,23,84,39,1.07981145381927,0.398016482591629
4,22,85,39,1.36327743530273,0.452503174543381
4,20,78,40,1.6625349521637,1.33586859703064
4,21,78,40,1.99157953262329,1.35046517848969
4,22,78,40,1.67536950111389,1.14446234703064
4,20,79,40,3.18927454948425,3.12032294273376
4,21,79,40,3.12510704994202,2.97872638702393
4,22,79,40,2.56975173950195,2.34096813201904
4,23,79,40,1.75650310516357,1.60252141952515
4,24,79,40,0.9840207695961,0.937291741371155
4,20,80,40,4.01624822616577,4.49125289916992
4,21,80,40,3.3340003490448,3.68362474441528
4,22,80,40,2.57365250587463,2.54162049293518
4,23,80,40,1.98384380340576,1.67432451248169
4,24,80,40,1.22920608520508,0.998029828071594
4,20,81,40,2.9726414680481,4.03574657440186
4,21,81,40,2.51363134384155,2.87666845321655
4,22,81,40,1.87343871593475,1.75888907909393
4,23,81,40,1.36961448192596,1.07883107662201
4,24,81,40,0.909822762012482,0.600106954574585
4,21,82,40,1.63070738315582,1.90041792392731
4,22,82,40,1.30531632900238,1.20200943946838
4,23,82,40,0.942895472049713,0.733673691749573
4,22,83,40,1.17282021045685,1.08806574344635
4,21,78,41,1.51243007183075,0.934865832328796
4,22,78,41,1.3750696182251,0.979947805404663
4,20,79,41,2.16259598731995,2.17113780975342
4,21,79,41,2.04933381080627,2.29813265800476
4,22,79,41,1.7838716506958,1.80081927776337
4,23,79,41,1.24458158016205,1.07730567455292
4,20,80,41,2.48162484169006,3.48110008239746
4,21,80,41,1.97675263881683,2.7849178314209
4,22,80,41,1.530930519104,1.74505770206451
4,23,80,41,1.2994669675827,0.962498664855957
4,21,81,41,1.43447482585907,2.06128978729248
4,22,81,41,1.11374664306641,1.14944303035736
4,21,83,41,1.51393949985504,1.292649269104
4,21,84,41,1.77637732028961,1.52452218532562
4,21,85,41,2.02438497543335,1.5616363286972
4,22,78,42,1.02791059017181,0.958357751369476
4,22,79,42,1.05585789680481,1.44653904438019
4,21,83,42,1.48251914978027,1.18192052841187
4,21,84,42,1.79669106006622,1.31034421920776
4,20,83,43,1.3339592218399,0.781421184539795
4,21,83,43,1.50365567207336,1.08101260662079
4,20,84,43,1.39299237728119,0.859426140785217
4,21,84,43,1.51003575325012,0.943533897399902
6,30,75,63,0.414396673440933,-0.213323920965195
6,31,72,64,0.421412408351898,0.00503396615386009
6,36,72,64,0.391896545886993,0.194970592856407
6,30,73,64,0.445510745048523,-0.246746093034744
6,30,74,64,0.464092314243317,-0.0829015225172043
6,30,75,64,0.402787327766418,0.0293736718595028
6,36,71,65,0.29347237944603,0.53924560546875
6,30,72,65,0.475028604269028,0.174760609865189
6,31,72,65,0.307103425264359,0.200126051902771
6,35,72,65,0.357651144266129,0.49837464094162
6,36,72,65,0.380905359983444,0.344631940126419
6,30,73,65,0.324697256088257,0.154107719659805
6,29,74,65,0.474908441305161,0.0891173705458641
6,29,75,65,0.610257506370544,0.0106479376554489
6,30,75,65,0.432982712984085,0.29357635974884
6,36,71,66,0.348697483539581,0.604938089847565
6,30,72,66,0.314473241567612,0.378840625286102
6,36,72,66,0.355117797851562,0.530131816864014
6,29,75,66,0.705324113368988,0.349658191204071
6,29,76,66,0.598222017288208,0.199658989906311
6,36,71,67,0.396300792694092,0.627833247184753
6,30,72,67,0.48247817158699,0.374230742454529
6,36,72,67,0.411543756723404,0.662453353404999
6,29,73,67,0.757902860641479,0.652884721755981
6,30,73,67,0.505962908267975,0.587608933448792
6,31,73,67,0.460250079631805,0.647476315498352
6,29,74,67,0.646157324314117,0.713822662830353
6,30,74,67,0.491384387016296,0.688837826251984
6,31,74,67,0.530832469463348,0.743222773075104
6,30,75,67,0.529492318630219,0.594874143600464
6,36,71,68,0.442689299583435,0.553956687450409
6,30,72,68,0.813294649124146,0.424431830644608
6,36,72,68,0.387637138366699,0.563015878200531
6,30,73,68,0.80361670255661,0.495379596948624
6,31,73,68,0.750589549541473,0.594107210636139
6,32,73,68,0.50546932220459,0.64976578950882
6,30,74,68,0.618099331855774,0.522789001464844
6,31,74,68,0.760077953338623,0.56911700963974
6,32,74,68,0.632082879543304,0.530611336231232
6,31,75,68,0.647819399833679,0.504100620746613
6,30,72,69,0.934000015258789,0.347738951444626
6,31,72,69,0.651521921157837,0.538831174373627
6,36,72,69,0.326169550418854,0.483534425497055
6,31,73,69,0.843395113945007,0.360655874013901
6,32,73,69,0.699577450752258,0.469384253025055
6,32,74,69,0.725407660007477,0.337665587663651
8,22,39,24,0.400282144546509,0.230735301971436
8,24,34,25,0.518444061279297,0.109518423676491
8,25,34,25,0.797952473163605,0.526926398277283
8,24,35,25,1.01198744773865,0.139480441808701
8,25,35,25,1.12256240844727,0.294546127319336
8,26,35,25,0.922803044319153,0.546760678291321
8,25,36,25,0.362666189670563,0.0236042439937592
8,26,36,25,0.53302276134491,0.169215977191925
8,27,36,25,0.588542401790619,0.471032500267029
8,28,36,25,0.484661817550659,0.608984172344208
8,27,37,25,0.503795444965363,0.413881421089172
8,22,38,25,0.500849723815918,0.134748890995979
8,23,38,25,0.940583765506744,0.517040312290192
8,24,38,25,0.64807540178299,0.369046539068222
8,27,38,25,0.531539082527161,0.524379372596741
8,28,38,25,0.637728333473206,0.766952395439148
8,22,39,25,0.577425479888916,0.279833853244781
8,23,39,25,0.760773658752441,0.187069892883301
8,24,39,25,0.482816249132156,-0.076663613319397
8,22,40,25,0.428828775882721,0.440282553434372
8,24,34,26,0.894365191459656,0.325008362531662
8,25,34,26,0.934157490730286,0.507573783397675
8,26,34,26,0.630032122135162,0.523639619350433
8,23,35,26,0.724070608615875,0.0642028599977493
8,24,35,26,0.993202149868011,0.2171311378479
8,25,35,26,0.908662796020508,0.169571042060852
8,26,35,26,0.709535181522369,0.356809556484222
8,27,35,26,0.840355753898621,0.679538309574127
8,28,35,26,1.20035648345947,0.576083600521088
8,27,36,26,0.562310934066772,0.379386425018311
8,28,36,26,0.788183212280273,0.472825080156326
8,23,37,26,0.41848087310791,0.633423566818237
8,28,37,26,0.515287518501282,0.470015525817871
8,22,38,26,0.458516836166382,0.248330131173134
8,23,38,26,0.860338091850281,0.527631878852844
8,24,38,26,0.517883539199829,0.135765090584755
8,28,38,26,0.590506792068481,0.587904214859009
8,22,39,26,0.469794094562531,0.257111728191376
8,23,39,26,0.61592435836792,0.0824218019843102
8,24,39,26,0.346792280673981,-0.31756666302681
8,28,39,26,0.495855093002319,0.325885027647018
8,29,39,26,0.42943412065506,0.210076719522476
8,25,26,27,0.546613931655884,0.0440038852393627
8,26,26,27,0.70268440246582,0.0530501380562782
8,25,27,27,0.815483093261719,-0.0686989948153496
8,26,27,27,0.876178026199341,-0.0901155024766922
8,24,28,27,0.78353214263916,-0.230171501636505
8,25,28,27,0.597585916519165,-0.326648652553558
8,25,30,27,0.759809195995331,0.505281984806061
8,23,31,27,0.707491517066956,-0.0993703901767731
8,24,31,27,1.11764883995056,0.558805286884308
8,24,32,27,0.72429883480072,-0.0102124959230423
8,24,34,27,0.671586334705353,0.464445561170578
8,25,34,27,0.511865735054016,0.411141365766525
8,23,35,27,0.545885622501373,0.248991072177887
8,24,35,27,0.670406579971313,0.256416708230972
8,25,35,27,0.487467736005783,0.0120038613677025
8,27,35,27,0.586284756660461,0.364109694957733
8,28,35,27,1.23799002170563,0.363981157541275
8,28,36,27,0.687041044235229,0.308466762304306
8,23,38,27,0.532003283500671,0.385927230119705
8,23,39,27,0.322104632854462,-0.0706071108579636
8,24,27,28,0.391809105873108,0.0314193814992905
8,23,28,28,0.771806836128235,0.105574950575829
8,24,28,28,0.48067581653595,-0.113527998328209
8,25,30,28,0.661680579185486,0.853066504001617
8,24,31,28,0.770285069942474,0.60664826631546
8,25,31,28,0.85601818561554,0.701119840145111
8,22,44,28,0.449739843606949,0.476809948682785
8,23,44,28,0.359004557132721,0.835031151771545
8,24,45,28,0.401659220457077,1.07670855522156
8,23,27,29,0.418064177036285,0.859017491340637
8,22,28,29,0.829690933227539,0.942930638790131
8,23,28,29,0.623231768608093,0.446633845567703
8,21,30,29,0.621407270431519,0.0764338672161102
8,22,44,29,0.662644326686859,0.692920386791229
8,23,44,29,0.577626466751099,1.09963345527649
8,24,44,29,0.459364384412766,1.13172376155853
8,22,28,30,0.712345361709595,1.11973118782043
8,23,28,30,0.547999382019043,0.564001858234406
8,21,29,30,1.03962516784668,1.20557165145874
8,20,30,30,0.852176189422607,0.56346321105957
8,21,30,30,0.659917116165161,0.505921721458435
8,20,31,30,0.386381149291992,-0.041595846414566
8,21,31,30,0.43432879447937,0.0435993075370789
8,26,36,30,0.333929121494293,-0.144467860460281
8,21,43,30,0.328956723213196,0.0254762843251228
8,24,43,30,0.386706650257111,0.732932686805725
8,22,28,31,0.729019641876221,0.867324709892273
8,21,29,31,0.953457593917847,0.904699206352234
8,20,30,31,0.598170042037964,0.42254364490509
8,21,30,31,0.507793784141541,0.264113664627075
8,18,31,31,0.550556182861328,-0.190057665109634
8,19,31,31,0.379118502140045,-0.140853136777878
8,26,36,31,0.33519721031189,0.0698132365942001
8,22,38,32,0.383467018604279,-0.782628536224365
8,23,38,32,0.467942178249359,-0.316664814949036
8,24,38,32,0.357183009386063,-0.174793064594269
8,22,39,32,0.491014003753662,-0.643973350524902
8,23,39,32,0.572739720344543,-0.198275506496429
8,24,39,32,0.335422873497009,-0.121246725320816
8,23,40,32,0.353512942790985,-0.0830756276845932
8,23,38,33,0.551581621170044,-0.273405015468597
8,24,38,33,0.368355333805084,-0.177242666482925
8,23,39,33,0.579280138015747,-0.127551913261414
8,24,39,33,0.317922174930573,-0.044403862208128
8,23,40,33,0.301605373620987,-0.0498553365468979
10,31,23,48,1.14103949069977,2.03278756141663
10,31,22,49,1.01437330245972,1.79649841785431
10,32,22,49,1.20064449310303,1.79382252693176
10,30,23,49,0.722447037696838,1.46558582782745
10,31,23,49,1.74330842494965,2.61768484115601
10,32,23,49,2.02695608139038,2.84564781188965
10,31,21,50,1.03081142902374,1.75244224071503
10,32,21,50,1.30156445503235,1.47457218170166
10,30,22,50,0.584255754947662,1.30584359169006
10,31,22,50,1.44799029827118,2.02707004547119
10,32,22,50,2.11630511283875,2.57879233360291
10,30,23,50,0.697961688041687,1.4717253446579
10,31,23,50,1.55895781517029,2.50029802322388
10,32,23,50,2.26574015617371,3.07884621620178
10,31,21,51,1.11962461471558,1.6429625749588
10,30,22,51,0.577848374843597,1.1734790802002
10,31,22,51,1.19547247886658,1.85337018966675
10,32,22,51,2.17440414428711,2.76707601547241
10,30,23,51,0.511908113956451,1.25682938098907
10,31,23,51,0.94814920425415,1.92183113098145
10,32,23,51,1.65035355091095,2.57399988174438
10,31,21,52,0.792001962661743,1.35871911048889
10,30,22,52,0.569063067436218,1.09005331993103
10,31,22,52,0.588932156562805,1.42987215518951
10,32,22,52,1.54458737373352,2.25582075119019
10,30,23,52,0.464354187250137,1.06131672859192
10,32,23,52,0.829986989498138,1.60480868816376
10,30,24,52,0.462655663490295,0.933299422264099
10,33,24,52,0.465518236160278,0.571136593818665
10,30,21,53,0.536388754844666,0.848676919937134
10,30,22,53,0.609539985656738,0.964333295822144
10,32,22,53,0.789057672023773,1.47260737419128
10,33,23,53,0.606118440628052,0.369610011577606
10,29,22,54,0.613785684108734,0.839630544185638
10,30,22,54,0.704346299171448,1.07190442085266
10,29,23,54,0.565595328807831,0.858161330223083
10,30,23,54,0.569027483463287,0.905652165412903
10,30,22,55,0.931478142738342,1.0556355714798
10,31,22,55,0.720799505710602,0.969285488128662
10,29,23,55,0.738954603672028,0.956613421440125
10,30,23,55,0.770713925361633,0.842721045017242
10,29,34,55,0.649904429912567,0.425916731357574
10,30,22,56,0.857896566390991,0.845469951629639
10,31,22,56,0.589157104492188,0.6378293633461
10,29,23,56,0.837457776069641,0.917146682739258
10,30,23,56,0.744178950786591,0.73610132932663
10,28,24,56,0.757981240749359,0.930925369262695
10,29,33,56,0.574335277080536,0.608843266963959
10,30,33,56,0.89911824464798,1.08059167861938
10,29,34,56,0.864798128604889,0.750289916992188
10,30,34,56,1.15171241760254,1.30598628520966
10,30,22,57,0.528957307338715,0.465233504772186
10,31,22,57,0.385289758443832,0.255489349365234
10,29,23,57,0.583647131919861,0.584060549736023
10,30,32,57,0.652114570140839,0.98149973154068
10,29,33,57,0.832774519920349,0.950715839862823
10,30,33,57,1.29940855503082,1.44983458518982
10,29,34,57,1.07845449447632,1.07169818878174
10,30,34,57,1.38003218173981,1.54143500328064
10,30,32,58,0.804629862308502,1.08907341957092
10,29,33,58,0.946479201316833,1.08138823509216
10,30,33,58,1.25040650367737,1.38552629947662
10,29,34,58,1.32839953899384,1.31344068050385
10,30,34,58,1.30616819858551,1.66935968399048
10,26,31,59,0.535452127456665,0.324968039989471
10,28,33,59,0.593206346035004,0.667709410190582
10,29,33,59,0.755435287952423,0.90029764175415
10,30,33,59,0.561712801456451,1.0854172706604
10,36,27,60,0.346682727336884,0.544871985912323
10,25,30,60,0.813210666179657,0.835196733474731
10,26,30,60,0.745681285858154,0.898848712444305
10,27,30,60,0.702458620071411,0.819127321243286
10,26,31,60,1.04874169826508,0.748616755008698
10,27,31,60,1.02379786968231,0.692187190055847
10,28,31,60,0.819802761077881,0.633165717124939
10,27,32,60,0.963212013244629,0.540874600410461
10,36,28,61,0.346510410308838,0.212835997343063
10,25,29,61,0.473322689533234,0.672261297702789
10,26,29,61,0.438116192817688,0.639738440513611
10,25,30,61,0.916566133499146,0.906002759933472
10,26,30,61,0.884781122207642,0.875871121883392
10,27,30,61,0.872246146202087,0.768037557601929
10,25,31,61,1.23978447914124,0.932099223136902
10,26,31,61,1.23085784912109,0.926704049110413
10,27,31,61,1.16488885879517,0.709214746952057
10,25,32,61,1.03749990463257,0.689541518688202
10,26,32,61,1.25766205787659,0.833748400211334
10,27,32,61,1.0764285326004,0.503964126110077
10,27,29,62,0.263612508773804,0.259066224098206
10,25,30,62,0.692076861858368,0.61006635427475
10,26,30,62,0.627375066280365,0.539913237094879
10,27,30,62,0.626255810260773,0.447458475828171
10,28,30,62,0.505701422691345,0.302814543247223
10,25,31,62,0.862755596637726,0.644215047359467
10,26,31,62,0.884561896324158,0.640528738498688
10,27,31,62,0.747403025627136,0.395146369934082
10,25,32,62,0.68576717376709,0.136222720146179
10,26,32,62,0.799136519432068,0.504106044769287
12,15,40,29,0.325432896614075,0.0735225230455399
12,15,39,30,0.427079260349274,-0.180144265294075
12,16,39,30,0.396637052297592,0.00155027955770493
12,16,40,30,0.359939277172089,0.0750189051032066
12,18,42,30,0.364691317081451,0.384277403354645
12,17,43,30,0.276732414960861,0.338331043720245
12,18,43,30,0.400426864624023,0.276944369077682
12,18,42,31,0.309117615222931,0.353278458118439
12,13,43,31,0.468945950269699,0.348526537418365
12,14,43,31,0.337455570697784,-0.0425514541566372
12,15,43,31,0.321743041276932,-0.154401853680611
12,17,43,31,0.284815698862076,0.0139221772551537
12,18,43,31,0.37871789932251,0.240751653909683
12,16,44,31,0.314471691846848,-0.0126302465796471
12,18,44,31,0.255511313676834,0.180235624313354
12,19,41,32,0.250928997993469,0.179760545492172
12,19,42,32,0.309047937393188,0.191068768501282
12,13,43,32,0.438791513442993,-0.00144350528717041
12,18,43,32,0.258431375026703,0.162652403116226
12,19,43,32,0.239398092031479,0.198926776647568
12,18,44,32,0.241978764533997,0.0916036143898964
12,19,44,32,0.273001104593277,0.083498626947403
12,19,39,33,0.445260137319565,-0.00160444341599941
12,20,39,33,0.470296204090118,-0.239372253417969
12,19,40,33,0.296365708112717,0.227250665426254
12,20,40,33,0.316514611244202,0.0112784467637539
12,20,44,33,0.193924993276596,-0.0105754751712084
12,19,38,34,0.573554992675781,0.119326710700989
12,20,38,34,0.450779259204865,-0.0472265034914017
12,19,39,34,0.630229234695435,0.422257721424103
12,20,39,34,0.596579790115356,0.280226945877075
12,21,39,34,0.456776797771454,0.0689039975404739
12,19,40,34,0.333663105964661,0.485568344593048
12,22,47,34,0.269351273775101,-0.473977237939835
12,19,38,35,0.663777947425842,0.443944245576859
12,18,39,35,0.445888429880142,0.576738893985748
12,19,39,35,0.637495040893555,0.727187871932983
12,20,39,35,0.550537347793579,0.599701166152954
12,21,39,35,0.428745985031128,0.225791543722153
12,18,38,36,0.617045819759369,0.668708205223083
12,19,38,36,0.639469504356384,0.706497073173523
12,17,39,36,0.39714178442955,0.321665018796921
12,18,39,36,0.534346580505371,0.698172807693481
12,19,39,36,0.584114909172058,0.896813690662384
12,16,40,36,0.44215127825737,0.305679351091385
12,17,40,36,0.511037826538086,0.346618175506592
12,18,40,36,0.35084268450737,0.546902239322662
12,12,41,36,0.433177590370178,-0.100158125162125
12,13,41,36,0.542041599750519,-0.240432649850845
12,16,41,36,0.347702860832214,0.212383225560188
12,12,42,36,0.439588159322739,-0.332027941942215
12,13,42,36,0.424526959657669,-0.441654026508331
12,18,38,37,0.515825867652893,0.564315497875214
12,18,39,37,0.416682183742523,0.509147047996521
12,19,39,37,0.428805768489838,0.839980959892273
12,20,39,37,0.517708420753479,0.739791810512543
12,19,40,37,0.333920180797577,0.692750632762909
12,12,41,37,0.581829965114594,0.238820463418961
12,13,41,37,0.631844520568848,0.133758768439293
12,14,41,37,0.380921125411987,0.00478547066450119
12,12,42,37,0.529258012771606,0.0369128808379173
12,13,42,37,0.590517580509186,0.0128386989235878
12,12,41,38,0.698677539825439,0.461959809064865
12,13,41,38,0.745240569114685,0.351215451955795
12,19,41,38,0.279563456773758,0.0750092566013336
12,20,41,38,0.303052127361298,0.292618602514267
12,12,42,38,0.642158627510071,0.415387630462646
12,13,42,38,0.677918672561646,0.321239739656448
12,14,42,38,0.356780380010605,-0.193889230489731
12,20,42,38,0.263637632131577,0.0695508271455765
12,13,43,38,0.439589351415634,0.0238632224500179
12,13,41,39,0.677893698215485,0.15443342924118
12,13,42,39,0.711166620254517,0.000865761190652847
12,21,42,39,0.271427631378174,0.0444039925932884
12,13,43,39,0.568807005882263,-0.067309208214283
12,21,43,39,0.26648885011673,0.167931795120239
12,22,45,39,0.264662355184555,0.279311627149582
12,17,32,40,0.626046061515808,0.221476495265961
12,18,32,40,0.733866572380066,0.287362813949585
12,17,33,40,0.783481240272522,0.14658921957016
12,18,33,40,1.05410134792328,0.250760614871979
12,19,33,40,0.977410554885864,0.454314827919006
12,20,33,40,0.664019227027893,0.384472370147705
12,18,34,40,0.567329585552216,-0.174927711486816
12,19,34,40,0.785388886928558,0.221515268087387
12,20,34,40,0.874367713928223,0.306282341480255
12,21,34,40,0.600350618362427,0.077557384967804
12,20,35,40,0.582094132900238,0.00969565659761429
12,21,35,40,0.675764858722687,0.00314100831747055
12,17,32,41,1.25709223747253,0.590941905975342
12,18,32,41,1.56212174892426,0.941328108310699
12,19,32,41,1.33872890472412,1.14347720146179
12,20,32,41,0.87871265411377,0.885352253913879
12,16,33,41,0.523893117904663,0.176337718963623
12,17,33,41,1.06394958496094,0.319455981254578
12,18,33,41,1.5057361125946,0.716326534748077
12,19,33,41,1.64182507991791,1.28395056724548
12,20,33,41,1.52247393131256,1.25699937343597
12,21,33,41,0.900858283042908,0.745536088943481
12,17,34,41,0.55794084072113,-0.223857462406158
12,18,34,41,0.815427303314209,0.0687248110771179
12,19,34,41,1.18209064006805,0.640406250953674
12,20,34,41,1.50012850761414,0.952715218067169
12,21,34,41,1.25294709205627,0.690388441085815
12,19,35,41,0.504093647003174,-0.341349810361862
12,20,35,41,0.879680573940277,0.186261713504791
12,21,35,41,1.01311039924622,0.363940477371216
12,21,36,41,0.43576854467392,-0.061855923384428
12,18,31,42,1.28045499324799,1.05026006698608
12,16,32,42,0.637982308864594,0.424559235572815
12,17,32,42,1.1498486995697,0.521717250347137
12,18,32,42,1.47939085960388,0.917056798934937
12,16,33,42,0.490814983844757,0.341077119112015
12,17,33,42,0.84535551071167,0.435984194278717
12,18,33,42,1.1196014881134,0.753987312316895
12,19,33,42,1.56832981109619,1.34866225719452
12,18,34,42,0.529750347137451,0.115472465753555
12,19,34,42,0.982093393802643,0.611375272274017
12,20,35,42,0.620959103107452,0.03339833766222
12,21,35,42,0.733550369739532,0.307569652795792
12,16,32,43,0.488760203123093,0.431489259004593
12,17,32,43,0.550750195980072,0.454979956150055
12,16,33,43,0.428000867366791,0.545870244503021
12,17,33,43,0.434212744235992,0.604594886302948
12,18,33,43,0.496090650558472,0.612411737442017
14,20,30,43,1.46345961093903,0.768789708614349
14,21,30,43,0.978395998477936,0.226001292467117
14,20,31,43,1.33402466773987,0.263830423355103
14,21,31,43,0.982217669487,-0.000596001744270325
14,20,29,44,1.00130331516266,1.09712851047516
14,21,29,44,0.912020087242126,0.669483840465546
14,19,30,44,1.06127417087555,0.685100078582764
14,20,30,44,1.3200136423111,0.570907711982727
14,21,30,44,1.0328506231308,0.206562802195549
14,20,31,44,0.923756659030914,-0.00930306315422058
14,25,33,44,0.727184414863586,0.180854052305222
14,24,34,44,0.63352769613266,0.901818871498108
14,25,34,44,0.556505918502808,0.660934805870056
14,21,28,45,0.905113399028778,0.964002728462219
14,22,28,45,0.812471866607666,0.642914712429047
14,20,29,45,0.950492858886719,1.13726258277893
14,21,29,45,0.931930840015411,0.801657021045685
14,19,30,45,0.837081491947174,0.648767650127411
14,20,30,45,1.02135944366455,0.589912533760071
14,21,30,45,0.781274259090424,0.265068978071213
14,25,33,45,0.644285559654236,0.345363825559616
14,21,27,46,1.00041699409485,1.05257475376129
14,22,27,46,1.06281316280365,0.958681464195251
14,20,28,46,0.767198801040649,1.27060377597809
14,21,28,46,1.02122235298157,1.11941015720367
14,22,28,46,0.964853346347809,0.874714851379395
14,19,29,46,0.7943514585495,1.069460272789
14,20,29,46,0.968614816665649,1.2073734998703
14,21,29,46,0.764886736869812,0.813047170639038
14,19,30,46,0.979813456535339,0.824324250221252
14,20,30,46,0.877172708511353,0.753349542617798
14,22,26,47,0.992177665233612,0.918627500534058
14,23,26,47,0.898145198822021,0.903255045413971
14,30,26,47,1.04109346866608,1.86913800239563
14,31,26,47,1.2092068195343,2.48060441017151
14,21,27,47,1.1478590965271,1.16296410560608
14,22,27,47,1.18234503269196,1.05546653270721
14,23,27,47,1.04946088790894,0.954495549201965
14,20,28,47,1.07431960105896,1.20161616802216
14,21,28,47,1.00955665111542,1.05966079235077
14,22,28,47,0.861536383628845,0.758733093738556
14,26,28,47,0.712613463401794,0.107963167130947
14,19,29,47,1.18659210205078,0.973829627037048
14,20,29,47,1.07959592342377,1.00580871105194
14,21,29,47,0.696980476379395,0.572043895721436
14,19,30,47,1.16525781154633,0.484490364789963
14,20,30,47,0.85309237241745,0.379962265491486
14,23,25,48,0.7328240275383,0.978350758552551
14,29,25,48,0.686327695846558,1.04964876174927
14,30,25,48,1.21479511260986,2.02687048912048
14,31,25,48,1.59360301494598,2.6814706325531
14,22,26,48,0.991298675537109,1.01531982421875
14,23,26,48,1.01366603374481,1.14490211009979
14,29,26,48,0.666073799133301,1.03606367111206
14,30,26,48,1.01815629005432,1.91193461418152
14,31,26,48,1.18538045883179,2.29503345489502
14,20,27,48,0.849548935890198,0.930209040641785
14,21,27,48,1.07570099830627,1.05836772918701
14,22,27,48,1.04534316062927,0.951203882694244
14,23,27,48,0.898424923419952,0.91993772983551
14,29,27,48,0.757073879241943,1.05527722835541
14,30,27,48,1.13260459899902,1.74071431159973
14,31,27,48,0.947646737098694,1.90446650981903
14,19,28,48,1.00234055519104,0.672622561454773
14,20,28,48,1.17875015735626,0.952451944351196
14,21,28,48,1.02239012718201,0.832885146141052
14,22,28,48,0.742560744285583,0.579493641853333
14,26,28,48,0.778476536273956,0.17393371462822
14,29,28,48,0.818670094013214,0.844394147396088
14,30,28,48,1.07064819335938,1.25137054920197
14,20,29,48,1.11459565162659,0.474190890789032
14,21,29,48,0.715859651565552,0.168094575405121
14,23,25,49,0.913354992866516,1.14851784706116
14,29,25,49,0.625042259693146,0.896497666835785
14,30,25,49,1.12711942195892,1.877072930336
14,31,25,49,1.40517270565033,2.33742761611938
14,32,25,49,1.07920169830322,1.76688241958618
14,22,26,49,0.944516122341156,1.00220692157745
14,23,26,49,1.0090708732605,1.22678864002228
14,30,26,49,0.981317818164825,1.70063352584839
14,31,26,49,1.12339687347412,1.9467841386795
14,20,27,49,0.699156284332275,0.67997932434082
14,21,27,49,0.943266153335571,0.928043186664581
14,22,27,49,1.00757718086243,0.884895324707031
14,23,27,49,0.820260167121887,0.751426219940186
14,29,27,49,0.576739311218262,0.956954836845398
14,30,27,49,1.01706874370575,1.56197798252106
14,31,27,49,0.952533781528473,1.59670495986938
14,19,28,49,0.919320821762085,0.275883853435516
14,20,28,49,1.1042959690094,0.632138967514038
14,21,28,49,0.96748411655426,0.620572984218597
14,22,28,49,0.784632205963135,0.347136288881302
14,29,28,49,0.65813809633255,0.621517598628998
14,30,28,49,0.880074024200439,1.02633547782898
14,31,28,49,0.700659930706024,1.01894116401672
14,21,29,49,0.785866498947144,-0.194771528244019
14,22,29,49,0.757391691207886,-0.193259865045547
14,30,29,49,0.477865397930145,0.337145179510117
14,22,30,49,0.738353371620178,-0.624896168708801
14,23,30,49,0.605467677116394,-0.161641597747803
14,24,24,50,0.983669757843018,0.892087280750275
14,23,25,50,1.08667194843292,1.20890307426453
14,24,25,50,1.22291278839111,1.24747729301453
14,30,25,50,0.983275711536407,1.51553893089294
14,31,25,50,1.04965794086456,1.80941760540009
14,32,25,50,0.854690194129944,1.39867091178894
14,22,26,50,0.992915093898773,1.13102221488953
14,23,26,50,1.27953696250916,1.4018406867981
14,24,26,50,0.961557865142822,1.09221076965332
14,30,26,50,0.868708968162537,1.41208577156067
14,31,26,50,0.994993269443512,1.44909584522247
14,21,27,50,0.941819787025452,0.957991659641266
14,22,27,50,1.05223774909973,0.969254314899445
14,23,27,50,1.00430989265442,0.800546824932098
14,30,27,50,0.812729120254517,1.19184136390686
14,31,27,50,0.74600750207901,1.22580051422119
14,19,28,50,0.688345909118652,0.124800823628902
14,20,28,50,0.959192097187042,0.466255575418472
14,21,28,50,1.07258725166321,0.525688588619232
14,22,28,50,1.01105535030365,0.279378175735474
14,23,28,50,0.825868904590607,0.0624487102031708
14,30,28,50,0.617990136146545,0.756489872932434
14,21,29,50,0.999656438827515,-0.370337665081024
14,22,29,50,1.11020863056183,-0.327192664146423
14,23,29,50,0.946382224559784,-0.23667585849762
14,22,30,50,0.980863988399506,-0.593794643878937
14,23,30,50,1.01971971988678,-0.221837073564529
14,24,24,51,1.19051837921143,0.966401755809784
14,25,24,51,1.02188014984131,0.883729517459869
14,23,25,51,1.35362720489502,1.45855331420898
14,24,25,51,1.4158980846405,1.3912661075592
14,22,26,51,1.21524620056152,1.50688695907593
14,23,26,51,1.60466289520264,1.71496844291687
14,24,26,51,1.23452866077423,1.27477085590363
14,21,27,51,0.873852968215942,0.990930140018463
14,22,27,51,1.22341418266296,1.18757963180542
14,23,27,51,1.3011748790741,0.990532994270325
14,20,28,51,0.839258193969727,0.464612632989883
14,21,28,51,1.13947820663452,0.538693785667419
14,22,28,51,1.26068234443665,0.271872937679291
14,23,28,51,1.05862057209015,-0.0580836087465286
14,21,29,51,1.13655698299408,-0.252814620733261
14,22,29,51,1.40491545200348,-0.401813834905624
14,23,29,51,1.31783390045166,-0.363132774829865
14,23,30,51,1.20634436607361,-0.239426374435425
14,24,24,52,1.00308501720428,0.952085316181183
14,25,24,52,0.808329463005066,0.913038313388824
14,23,25,52,1.29056251049042,1.50822007656097
14,24,25,52,1.28113746643066,1.44549596309662
14,22,26,52,1.1606011390686,1.63810324668884
14,23,26,52,1.52710747718811,1.83657228946686
14,24,26,52,1.07679879665375,1.33288502693176
14,22,27,52,1.14789772033691,1.08358263969421
14,23,27,52,1.21031320095062,0.795435965061188
14,20,28,52,0.748155117034912,0.652007758617401
14,21,28,52,1.0654182434082,0.555928349494934
14,22,28,52,1.26774001121521,-0.0185417234897614
14,23,28,52,1.20595681667328,-0.314348936080933
14,21,29,52,1.12378787994385,-0.0444141328334808
14,22,29,52,1.40722966194153,-0.592782020568848
14,23,29,52,1.39340388774872,-0.594225704669952
14,23,30,52,1.03934097290039,-0.324935674667358
14,23,25,53,0.841578602790833,1.26519417762756
14,23,26,53,1.04482984542847,1.43818461894989
14,20,30,53,0.931793570518494,0.317858308553696
14,21,30,53,0.990504741668701,-0.12030354142189
14,22,30,53,0.928767085075378,-0.509542405605316
14,21,31,53,0.725180387496948,-0.33837166428566
14,19,30,54,1.07133328914642,0.605708956718445
14,20,30,54,1.51553797721863,0.525285065174103
14,21,30,54,1.36137056350708,0.000706970691680908
14,22,30,54,0.957293152809143,-0.310342907905579
14,20,31,54,1.39714372158051,-0.30328232049942
14,21,31,54,1.18529689311981,-0.212350428104401
14,22,31,54,0.707580268383026,-0.173087164759636
14,20,30,55,1.76273798942566,0.277790725231171
14,21,30,55,1.47445964813232,0.0403291583061218
14,20,31,55,1.42891323566437,-0.759907722473145
14,21,31,55,1.28115940093994,-0.271734595298767
14,21,30,56,1.1431999206543,-0.251320779323578
14,29,37,56,0.711064577102661,0.339432626962662
16,31,17,31,1.25120139122009,1.23381161689758
16,32,17,31,1.12937021255493,1.17146873474121
16,31,16,32,1.09324502944946,1.25435185432434
16,32,16,32,1.27253246307373,1.47950756549835
16,31,17,32,1.2865926027298,1.41136229038239
16,32,17,32,1.44792401790619,1.35276520252228
16,32,18,32,0.977020263671875,0.884949684143066
16,26,21,32,0.827472984790802,1.75516676902771
16,27,21,32,1.01898884773254,1.6162291765213
16,28,21,32,0.943157315254211,1.13420414924622
16,27,22,32,0.939766883850098,1.57192349433899
16,28,22,32,1.05885970592499,1.19855809211731
16,32,16,33,1.29958212375641,1.45332765579224
16,33,16,33,0.988235890865326,1.0425900220871
16,31,17,33,1.53505277633667,1.60240256786346
16,32,17,33,1.66331040859222,1.39368796348572
16,33,17,33,1.16288828849792,0.948636054992676
16,31,18,33,1.20925271511078,1.25785338878632
16,32,18,33,1.33605265617371,1.01062679290771
16,33,18,33,1.26929783821106,0.784475326538086
16,32,19,33,0.83742094039917,0.681427955627441
16,33,19,33,1.03309392929077,0.702663064002991
16,27,21,33,0.969473004341125,1.92697083950043
16,28,21,33,0.967929363250732,1.42136359214783
16,27,22,33,0.761239171028137,1.84973812103271
16,28,22,33,1.06924891471863,1.64404702186584
16,34,14,34,1.10458791255951,0.766527414321899
16,35,14,34,1.02065026760101,0.922063946723938
16,34,15,34,1.29941391944885,0.665018260478973
16,35,15,34,1.25126791000366,0.749559044837952
16,32,16,34,1.24063992500305,1.36354386806488
16,33,16,34,1.02043688297272,0.759946823120117
16,30,17,34,1.38516592979431,1.61158633232117
16,31,17,34,1.89287090301514,1.8003476858139
16,32,17,34,1.73420178890228,1.29755163192749
16,33,17,34,1.17384266853333,0.781181335449219
16,30,18,34,1.3892719745636,1.58675169944763
16,31,18,34,1.56338691711426,1.44017434120178
16,32,18,34,1.53001987934113,1.04123640060425
16,33,18,34,1.44852638244629,0.868438959121704
16,34,18,34,1.0351060628891,0.657994985580444
16,31,19,34,0.808671832084656,1.04653739929199
16,32,19,34,0.960166335105896,0.882192134857178
16,33,19,34,1.21579265594482,0.769883871078491
16,34,15,35,1.23446917533875,0.314423799514771
16,30,17,35,1.57252538204193,1.64936292171478
16,31,17,35,1.95094382762909,1.70481276512146
16,32,17,35,1.6400545835495,1.03057050704956
16,29,18,35,0.93254029750824,1.14243125915527
16,30,18,35,1.36664795875549,1.5788402557373
16,31,18,35,1.5440571308136,1.37223696708679
16,32,18,35,1.38250148296356,0.869989633560181
16,33,18,35,1.32154083251953,0.71345043182373
16,32,19,35,1.02873563766479,0.877240419387817
16,33,19,35,1.2111873626709,0.819835901260376
16,34,19,35,1.07492542266846,0.582531690597534
16,31,17,36,1.64200401306152,1.2315878868103
16,32,17,36,1.26940810680389,0.476763606071472
16,30,18,36,0.834425210952759,1.30122947692871
16,31,18,36,1.10280382633209,1.02960741519928
16,32,18,36,1.0434250831604,0.554849147796631
16,33,19,36,1.06498885154724,0.649410486221313
16,28,21,36,0.932579517364502,1.32282042503357
16,29,21,36,0.765604138374329,0.783422231674194
16,28,20,37,0.865630507469177,0.70030802488327
18,61,17,29,1.54775393009186,-0.585655927658081
18,59,18,29,1.37236928939819,0.109592199325562
18,60,18,29,2.44603133201599,-0.134189128875732
18,61,18,29,3.00158405303955,0.0133652687072754
18,62,18,29,2.87480115890503,0.532171249389648
18,59,19,29,1.90014743804932,0.481379985809326
18,60,19,29,2.70513844490051,0.374039173126221
18,61,19,29,3.19794964790344,0.535641670227051
18,62,19,29,3.33988189697266,1.0287880897522
18,63,19,29,3.49934196472168,1.10044956207275
18,61,17,30,1.841392993927,-1.02174663543701
18,62,17,30,1.81366086006165,-0.291909217834473
18,60,18,30,2.50371408462524,-0.342102527618408
18,61,18,30,3.23489761352539,-0.107846260070801
18,62,18,30,3.08233499526978,0.487202644348145
18,63,18,30,2.45631456375122,0.849834442138672
18,64,18,30,1.6282057762146,0.664427995681763
18,59,19,30,1.75530028343201,0.352481842041016
18,60,19,30,2.59402561187744,0.274387359619141
18,61,19,30,3.13295269012451,0.509584903717041
18,62,19,30,3.19487714767456,1.02016973495483
18,63,19,30,3.0856728553772,1.17019987106323
18,64,19,30,2.69801473617554,0.88134765625
18,65,19,30,1.70060276985168,0.310415744781494
18,59,20,30,1.21273136138916,0.134952306747437
18,60,20,30,1.35450828075409,-0.0598609447479248
18,61,20,30,1.60733330249786,0.233319997787476
18,62,20,30,1.80699753761292,0.669947624206543
18,63,20,30,2.11094379425049,0.854537487030029
18,64,20,30,2.33789491653442,0.695824146270752
18,65,20,30,1.68842363357544,0.271413564682007
18,63,21,30,1.02752757072449,0.646352291107178
18,64,21,30,1.08932518959045,0.452607154846191
18,65,21,30,0.810216188430786,0.119842648506165
18,61,17,31,1.77355694770813,-1.24571585655212
18,62,17,31,1.58699011802673,-0.594653129577637
18,60,18,31,1.91642808914185,-0.458692073822021
18,61,18,31,2.47907257080078,-0.306598663330078
18,62,18,31,2.2348198890686,0.276807308197021
18,59,19,31,1.19581770896912,0.0325417518615723
18,60,19,31,1.72998094558716,-0.0851955413818359
18,61,19,31,2.07500600814819,0.202848434448242
18,62,19,31,1.99880647659302,0.690503120422363
18,63,19,31,1.76016283035278,0.954452514648438
18,64,19,31,1.64670562744141,0.771033525466919
18,61,20,31,1.00754141807556,-0.0588335990905762
18,64,20,31,1.14133501052856,0.393536567687988
18,61,17,32,1.62354254722595,-1.21931767463684
18,61,18,32,1.60679697990417,-0.479314804077148
18,61,19,32,1.09692668914795,-0.15739107131958
18,61,16,33,1.38405680656433,-0.707067489624023
18,61,15,34,1.14457488059998,0.388877332210541
18,59,14,36,1.18922936916351,0.762201488018036
18,65,19,36,1.17267870903015,1.12404644489288
18,59,14,37,1.27017962932587,0.530376493930817
20,51,25,15,0.0410057008266449,0.0635743513703346
20,57,25,15,0.108248680830002,-0.531329393386841
20,53,23,16,0.0682399868965149,-0.249693661928177
20,51,24,16,0.0721241310238838,-0.0199299678206444
20,52,24,16,0.0880459994077682,-0.0282467249780893
20,53,24,16,0.0771307498216629,-0.127405777573586
20,51,25,16,0.0526304021477699,0.0560640655457973
20,52,25,16,0.045318990945816,0.0749289765954018
20,52,23,17,0.125567525625229,-0.0403624400496483
20,53,23,17,0.142988786101341,-0.335065454244614
20,51,24,17,0.0680718794465065,0.00607465766370296
20,52,24,17,0.172300547361374,-0.0267990306019783
20,53,24,17,0.129776194691658,-0.204773902893066
20,51,24,18,0.0403800532221794,0.0343961231410503
20,51,25,18,0.0404714643955231,0.0660793408751488
20,58,22,20,0.374434173107147,-1.02132546901703
20,59,22,20,0.644311547279358,-0.649914920330048
20,59,23,20,0.367895245552063,-1.32610297203064
20,57,21,21,0.273476898670197,0.673664808273315
20,58,22,21,0.707908272743225,-0.065742552280426
20,59,22,21,0.985541105270386,0.123027503490448
20,58,23,21,0.13651841878891,-1.20813751220703
20,59,23,21,0.392939388751984,-0.7703937292099
20,60,23,21,0.290666580200195,-0.697776556015015
20,48,27,21,0.144551515579224,0.281154066324234
20,49,27,21,0.091157078742981,0.13016676902771
20,49,28,21,0.0446930080652237,0.0925172343850136
20,58,21,22,0.741613507270813,1.60741722583771
20,58,22,22,0.336597442626953,0.666569828987122
20,59,22,22,0.639316916465759,0.575051069259644
20,61,25,22,0.358499944210052,0.127116560935974
20,62,25,22,0.171534061431885,0.0721972957253456
20,62,26,22,0.437246024608612,-0.418206334114075
20,48,27,22,0.22252145409584,0.270690858364105
20,49,27,22,0.146485701203346,0.165660962462425
20,48,28,22,0.253831773996353,0.0961413085460663
20,49,28,22,0.213288709521294,0.0951920598745346
20,50,24,23,0.0870436057448387,-0.312244981527328
20,61,24,23,0.172818422317505,0.649121642112732
20,60,25,23,0.497236728668213,0.391104161739349
20,61,25,23,0.669586300849915,0.539197862148285
20,62,25,23,0.452820181846619,0.106222987174988
20,64,25,23,0.133444249629974,-0.160270839929581
20,47,26,23,0.0612918436527252,0.319080621004105
20,48,26,23,0.171231538057327,0.301984995603561
20,49,26,23,0.0719027668237686,0.0823964476585388
20,60,26,23,0.60104775428772,-0.217652022838593
20,61,26,23,0.83692866563797,-0.439056515693665
20,62,26,23,0.607630550861359,-0.788657784461975
20,63,26,23,0.234627246856689,-0.986323475837708
20,64,26,23,0.172834157943726,-0.718078434467316
20,47,27,23,0.176543146371841,0.184743613004684
20,48,27,23,0.29859071969986,0.227972537279129
20,49,27,23,0.359502673149109,0.193472608923912
20,50,27,23,0.125366240739822,-0.058450061827898
20,61,27,23,0.152573704719543,-1.29372930526733
20,62,27,23,0.135561048984528,-1.15305638313293
20,63,27,23,0.21656322479248,-0.916199445724487
20,47,28,23,0.166380032896996,0.005361407995224
20,48,28,23,0.333888053894043,0.113882169127464
20,49,28,23,0.208478718996048,0.0807992294430733
20,49,29,23,0.108429647982121,0.05101253464818
20,60,24,24,0.148632764816284,0.842502295970917
20,61,24,24,0.138757109642029,0.87779825925827
20,63,24,24,0.144376873970032,0.475711852312088
20,49,25,24,0.0557067543268204,0.108039811253548
20,60,25,24,0.387842178344727,0.683074176311493
20,61,25,24,0.488006412982941,0.380816787481308
20,62,25,24,0.318732380867004,-0.256797790527344
20,63,25,24,0.346456050872803,-0.411030441522598
20,64,25,24,0.407567858695984,-0.160242959856987
20,47,26,24,0.184536278247833,0.299970299005508
20,48,26,24,0.228689134120941,0.297854721546173
20,49,26,24,0.140559077262878,0.0882749408483505
20,60,26,24,0.480513691902161,-0.173244655132294
20,61,26,24,0.57641077041626,-0.863788247108459
20,62,26,24,0.442985415458679,-1.19446301460266
20,63,26,24,0.390385270118713,-0.935234248638153
20,47,27,24,0.214497849345207,0.192680329084396
20,48,27,24,0.338704288005829,0.203423231840134
20,49,27,24,0.230550095438957,0.085058718919754
20,50,27,24,0.118227764964104,-0.0662822797894478
20,60,27,24,0.153544962406158,-1.27347147464752
20,63,27,24,0.323413729667664,-0.702043354511261
20,47,28,24,0.262793779373169,0.133881777524948
20,48,28,24,0.376512855291367,0.139238297939301
20,49,28,24,0.20531564950943,0.120887473225594
20,50,28,24,0.06051404774189,-0.00566791463643312
20,49,29,24,0.239377617835999,0.191272854804993
20,61,25,25,0.134809672832489,-0.0632665157318115
20,63,25,25,0.217031478881836,-0.2784084379673
20,47,26,25,0.0824253112077713,0.298007637262344
20,60,26,25,0.377010315656662,-0.150112509727478
20,61,26,25,0.332216680049896,-1.04463005065918
20,62,26,25,0.137167096138,-1.13980519771576
20,63,26,25,0.224422812461853,-0.592366456985474
20,47,27,25,0.151665687561035,0.262869596481323
20,48,27,25,0.127985239028931,0.269658535718918
20,60,27,25,0.279654383659363,-0.970328688621521
20,61,27,25,0.135805785655975,-1.37245655059814
20,62,27,25,0.0999127626419067,-1.02239871025085
20,63,27,25,0.236950516700745,-0.431616246700287
20,48,28,25,0.231393098831177,0.347771376371384
20,49,28,25,0.205880671739578,0.384508967399597
20,50,28,25,0.129766792058945,0.177163422107697
20,49,29,25,0.239912077784538,0.474728584289551
20,50,29,25,0.203315615653992,0.363004386425018
20,60,26,26,0.284822642803192,-0.085359513759613
20,61,26,26,0.268380343914032,-0.68403571844101
20,63,26,26,0.070487380027771,-0.219493567943573
20,60,27,26,0.331411063671112,-0.527890861034393
20,61,27,26,0.272299885749817,-0.831045687198639
20,62,27,26,0.151266574859619,-0.671260356903076
20,50,29,26,0.131851643323898,0.569606900215149
20,62,26,27,0.0883116126060486,-0.268189132213593
20,60,27,27,0.133562982082367,-0.161394402384758
20,61,27,27,0.136638522148132,-0.377600878477097
20,62,27,27,0.139280557632446,-0.42674332857132
22,64,31,13,0.117339730262756,-0.849596500396729
22,59,26,14,0.17207333445549,-0.163082331418991
22,60,26,14,0.141270354390144,-0.289550840854645
22,59,27,14,0.243128448724747,-0.246744856238365
22,60,27,14,0.280621379613876,-0.365843266248703
22,61,27,14,0.244474247097969,-0.464179992675781
22,62,27,14,0.117969512939453,-0.678572952747345
22,59,28,14,0.199463546276093,-0.384962677955627
22,60,28,14,0.260387122631073,-0.429724901914597
22,61,28,14,0.274466454982758,-0.548838078975677
22,62,28,14,0.174353316426277,-0.721780061721802
22,60,29,14,0.104512810707092,-0.382125020027161
22,64,31,14,0.247949853539467,-1.00499475002289
22,65,31,14,0.204527288675308,-1.20159459114075
22,60,25,15,0.267630577087402,-0.376842588186264
22,60,26,15,0.318544089794159,-0.333510041236877
22,61,26,15,0.315889239311218,-0.257455468177795
22,62,26,15,0.112414285540581,-0.296659171581268
22,60,27,15,0.4610855281353,-0.393759965896606
22,61,27,15,0.448948353528976,-0.517061829566956
22,62,27,15,0.350298434495926,-0.661135733127594
22,60,28,15,0.463042318820953,-0.474448621273041
22,61,28,15,0.493819683790207,-0.592519283294678
22,62,28,15,0.379844963550568,-0.762868762016296
22,63,28,15,0.162866398692131,-0.868523001670837
22,61,29,15,0.203185468912125,-0.518128275871277
22,62,29,15,0.185716301202774,-0.736464023590088
22,64,31,15,0.336737662553787,-0.943704307079315
22,65,31,15,0.256678283214569,-1.01594626903534
22,64,32,15,0.233960375189781,-0.675702810287476
22,65,32,15,0.285508692264557,-0.611167550086975
22,61,26,16,0.140401855111122,-0.471270173788071
22,62,26,16,0.170103654265404,-0.519086420536041
22,60,27,16,0.257360219955444,-0.488066285848618
22,61,27,16,0.403184860944748,-0.606560468673706
22,62,27,16,0.328660309314728,-0.746366500854492
22,63,27,16,0.149839475750923,-0.868886590003967
22,60,28,16,0.329289257526398,-0.483434319496155
22,61,28,16,0.428973197937012,-0.562826156616211
22,62,28,16,0.395645081996918,-0.70212459564209
22,61,29,16,0.17045097053051,-0.562183856964111
22,62,29,16,0.171023443341255,-0.722475707530975
22,63,31,16,0.111987829208374,-0.828274488449097
22,64,31,16,0.21483838558197,-0.777498006820679
22,65,31,16,0.148503348231316,-0.807631969451904
22,65,26,17,0.213817864656448,-0.473667114973068
22,66,26,17,0.433039724826813,-0.248968094587326
22,67,26,17,0.663432240486145,-0.176925182342529
22,62,27,17,0.15864585340023,-0.779327154159546
22,67,27,17,0.200655043125153,-0.666479468345642
22,61,28,17,0.230042174458504,-0.647646248340607
22,62,28,17,0.153156697750092,-0.683640241622925
22,65,25,18,0.352488994598389,-0.640758514404297
22,66,26,18,0.317368596792221,-0.831900298595428
22,67,26,18,0.628635466098785,-0.676905393600464
22,68,26,18,0.752709031105042,-0.821706533432007
22,68,26,19,0.645051538944244,-2.16097331047058
22,66,26,21,0.47528612613678,-1.48727750778198
